[18:49:11] [main/INFO] (FabricLoader/GameProvider) Loading Minecraft 1.21.1 with Fabric Loader 0.16.0
[18:49:11] [main/DEBUG] (FabricLoader/GamePatch) Found game constructor: net.minecraft.client.main.Main -> net.minecraft.client.MinecraftClient
[18:49:11] [main/DEBUG] (FabricLoader/GamePatch) Patching game constructor <init>(Lnet/minecraft/client/RunArgs;)V
[18:49:11] [main/DEBUG] (FabricLoader/GamePatch) Run directory field is thought to be net/minecraft/client/MinecraftClient/runDirectory
[18:49:11] [main/DEBUG] (FabricLoader/GamePatch) Applying brand name hook to net/minecraft/client/ClientBrandRetriever::getClientModName
[18:49:11] [main/DEBUG] (FabricLoader/GamePatch) Applying brand name hook to net/minecraft/server/MinecraftServer::getServerModName
[18:49:11] [main/DEBUG] (FabricLoader/Mappings) Loading mappings took 90 ms
[18:49:11] [main/DEBUG] (FabricLoader/GamePatch) Patched 3 classs
[18:49:11] [main/DEBUG] (FabricLoader/Discovery) Mod discovery time: 9.6 ms
[18:49:11] [main/DEBUG] (FabricLoader/Resolution) Mod resolution time: 26.5 ms
[18:49:11] [main/INFO] (FabricLoader) Loading 7 mods:
	- ametium-addon 1.21.1
	- fabric-resource-loader-v0 1.3.0+565991296a
	- fabricloader 0.16.0
	- java 21
	- meteor-client 0.5.8
	- minecraft 1.21.1
	- mixinextras 0.3.5
[18:49:11] [main/DEBUG] (FabricLoader/Knot) Adding /Users/carlos/Downloads/meteor-chunk-addon-main/.gradle/loom-cache/remapped_mods/net_fabricmc_yarn_1_21_1_1_21_1_build_2_v2/meteordevelopment/meteor-client/0.5.8/meteor-client-0.5.8.jar to classpath.
[18:49:11] [main/DEBUG] (FabricLoader/Knot) Adding /Users/carlos/Downloads/meteor-chunk-addon-main/.gradle/loom-cache/remapped_mods/net_fabricmc_yarn_1_21_1_1_21_1_build_2_v2/net/fabricmc/fabric-api/fabric-resource-loader-v0/1.3.0+565991296a/fabric-resource-loader-v0-1.3.0+565991296a.jar to classpath.
[18:49:11] [main/DEBUG] (FabricLoader/Knot) Adding /Users/carlos/Downloads/meteor-chunk-addon-main/build/resources/main to classpath.
[18:49:11] [main/DEBUG] (FabricLoader/Knot) Adding /Users/carlos/.gradle/caches/modules-2/files-2.1/io.github.llamalad7/mixinextras-fabric/0.3.5/3b577be20ea942610b3045e4f0cd909fa415a9d3/mixinextras-fabric-0.3.5.jar to classpath.
[18:49:11] [main/DEBUG] (FabricLoader/Entrypoint) Registering new-style initializer meteordevelopment.meteorclient.MeteorClient for mod meteor-client (key client)
[18:49:11] [main/DEBUG] (FabricLoader/Entrypoint) Registering new-style initializer com.ametium.addon.AmetiumAddon for mod ametium-addon (key meteor)
[18:49:11] [main/INFO] (FabricLoader/Mixin) SpongePowered MIXIN Subsystem Version=0.8.5 Source=file:/Users/carlos/.gradle/caches/modules-2/files-2.1/net.fabricmc/sponge-mixin/0.13.3+mixin.0.8.5/9527e6b0d2449408958fd1302594dc65ec5ade9c/sponge-mixin-0.13.3+mixin.0.8.5.jar Service=Knot/Fabric Env=CLIENT
[18:49:11] [main/DEBUG] (FabricLoader/Mixin) Error cleaning class output directory: .mixin.out
[18:49:12] [main/DEBUG] (FabricLoader/Mixin) Initialising Mixin Platform Manager
[18:49:12] [main/DEBUG] (FabricLoader/Mixin) Adding mixin platform agents for container ContainerHandleURI(file:///Users/carlos/.gradle/caches/modules-2/files-2.1/net.fabricmc/fabric-loader/0.16.0/f159d2d7c743eb5dda5624fcd77883c4711be3b1/fabric-loader-0.16.0.jar)
[18:49:12] [main/DEBUG] (FabricLoader/Mixin) Instancing new MixinPlatformAgentDefault for ContainerHandleURI(file:///Users/carlos/.gradle/caches/modules-2/files-2.1/net.fabricmc/fabric-loader/0.16.0/f159d2d7c743eb5dda5624fcd77883c4711be3b1/fabric-loader-0.16.0.jar)
[18:49:12] [main/DEBUG] (FabricLoader/Mixin) MixinPlatformAgentDefault accepted container ContainerHandleURI(file:///Users/carlos/.gradle/caches/modules-2/files-2.1/net.fabricmc/fabric-loader/0.16.0/f159d2d7c743eb5dda5624fcd77883c4711be3b1/fabric-loader-0.16.0.jar)
[18:49:12] [main/DEBUG] (FabricLoader/Mixin) Instancing new MixinPlatformAgentDefault for ContainerHandleURI(file:///Users/carlos/.gradle/caches/modules-2/files-2.1/net.fabricmc/fabric-loader/0.16.0/f159d2d7c743eb5dda5624fcd77883c4711be3b1/fabric-loader-0.16.0.jar)
[18:49:12] [main/DEBUG] (FabricLoader/Mixin) MixinPlatformAgentDefault accepted container ContainerHandleURI(file:///Users/carlos/.gradle/caches/modules-2/files-2.1/net.fabricmc/fabric-loader/0.16.0/f159d2d7c743eb5dda5624fcd77883c4711be3b1/fabric-loader-0.16.0.jar)
[18:49:12] [main/DEBUG] (FabricLoader/Mixin) Processing prepare() for PlatformAgent[MixinPlatformAgentDefault:ContainerHandleURI(file:///Users/carlos/.gradle/caches/modules-2/files-2.1/net.fabricmc/fabric-loader/0.16.0/f159d2d7c743eb5dda5624fcd77883c4711be3b1/fabric-loader-0.16.0.jar)]
[18:49:12] [main/DEBUG] (FabricLoader/Mixin) Processing prepare() for PlatformAgent[MixinPlatformAgentDefault:ContainerHandleURI(file:///Users/carlos/.gradle/caches/modules-2/files-2.1/net.fabricmc/fabric-loader/0.16.0/f159d2d7c743eb5dda5624fcd77883c4711be3b1/fabric-loader-0.16.0.jar)]
[18:49:12] [main/INFO] (FabricLoader/Mixin) Loaded Fabric development mappings for mixin remapper!
[18:49:12] [main/DEBUG] (FabricLoader/Mixin) Compatibility level JAVA_21 specified by meteor-client.mixins.json is higher than the maximum level supported by this version of mixin (JAVA_13).
[18:49:12] [main/INFO] (FabricLoader/Mixin) Compatibility level set to JAVA_21
[18:49:12] [main/DEBUG] (FabricLoader/Mixin) Mixin config meteor-client.mixins.json does not specify "minVersion" property
[18:49:12] [main/DEBUG] (FabricLoader/Mixin) Mixin config meteor-client-baritone.mixins.json does not specify "minVersion" property
[18:49:12] [main/DEBUG] (FabricLoader/Mixin) Mixin config meteor-client-indigo.mixins.json does not specify "minVersion" property
[18:49:12] [main/DEBUG] (FabricLoader/Mixin) Mixin config meteor-client-sodium.mixins.json does not specify "minVersion" property
[18:49:12] [main/DEBUG] (FabricLoader/Mixin) Mixin config meteor-client-lithium.mixins.json does not specify "minVersion" property
[18:49:12] [main/DEBUG] (FabricLoader/Mixin) Mixin config meteor-client-viafabricplus.mixins.json does not specify "minVersion" property
[18:49:12] [main/DEBUG] (FabricLoader/Mixin) Compatibility level JAVA_17 specified by fabric-resource-loader-v0.mixins.json is higher than the maximum level supported by this version of mixin (JAVA_13).
[18:49:12] [main/DEBUG] (FabricLoader/Mixin) Mixin config fabric-resource-loader-v0.mixins.json does not specify "minVersion" property
[18:49:12] [main/DEBUG] (FabricLoader/Mixin) Compatibility level JAVA_17 specified by fabric-resource-loader-v0.client.mixins.json is higher than the maximum level supported by this version of mixin (JAVA_13).
[18:49:12] [main/DEBUG] (FabricLoader/Mixin) Mixin config fabric-resource-loader-v0.client.mixins.json does not specify "minVersion" property
[18:49:12] [main/DEBUG] (FabricLoader/Mixin) Mixin config ametium-addon.mixins.json does not specify "minVersion" property
[18:49:12] [main/DEBUG] (FabricLoader/Knot) Adding /Users/carlos/Downloads/meteor-chunk-addon-main/.gradle/loom-cache/minecraftMaven/net/minecraft/minecraft-merged-3848b19350/1.21.1-net.fabricmc.yarn.1_21_1.1.21.1+build.2-v2/minecraft-merged-3848b19350-1.21.1-net.fabricmc.yarn.1_21_1.1.21.1+build.2-v2.jar to classpath.
[18:49:12] [main/DEBUG] (FabricLoader/Knot) Adding /Users/carlos/Downloads/meteor-chunk-addon-main/build/classes/java/main to classpath.
[18:49:12] [main/DEBUG] (FabricLoader/Knot) Adding /Users/carlos/Downloads/meteor-chunk-addon-main/build/resources/main to classpath.
[18:49:12] [main/DEBUG] (FabricLoader/Knot) Adding /Users/carlos/.gradle/caches/fabric-loom/1.21.1/net.fabricmc.yarn.1_21_1.1.21.1+build.2-v2/mappings.jar to classpath.
[18:49:12] [main/DEBUG] (FabricLoader/Knot) Adding /Users/carlos/.gradle/caches/modules-2/files-2.1/io.github.llamalad7/mixinextras-fabric/0.3.5/3b577be20ea942610b3045e4f0cd909fa415a9d3/mixinextras-fabric-0.3.5.jar to classpath.
[18:49:12] [main/DEBUG] (FabricLoader/Knot) Adding /Users/carlos/.gradle/caches/modules-2/files-2.1/net.fabricmc/dev-launch-injector/0.2.1+build.8/da8bef7e6e2f952da707f282bdb46882a0fce5e3/dev-launch-injector-0.2.1+build.8.jar to classpath.
[18:49:12] [main/DEBUG] (FabricLoader/Knot) Adding /Users/carlos/.gradle/caches/modules-2/files-2.1/ca.weblite/java-objc-bridge/1.1/1227f9e0666314f9de41477e3ec277e542ed7f7b/java-objc-bridge-1.1.jar to classpath.
[18:49:12] [main/DEBUG] (FabricLoader/Knot) Adding /Users/carlos/.gradle/caches/modules-2/files-2.1/com.github.oshi/oshi-core/6.4.10/b1d8ab82d11d92fd639b56d639f8f46f739dd5fa/oshi-core-6.4.10.jar to classpath.
[18:49:12] [main/DEBUG] (FabricLoader/Knot) Adding /Users/carlos/.gradle/caches/modules-2/files-2.1/com.google.guava/failureaccess/1.0.1/1dcf1de382a0bf95a3d8b0849546c88bac1292c9/failureaccess-1.0.1.jar to classpath.
[18:49:12] [main/DEBUG] (FabricLoader/Knot) Adding /Users/carlos/.gradle/caches/modules-2/files-2.1/com.google.guava/guava/32.1.2-jre/5e64ec7e056456bef3a4bc4c6fdaef71e8ab6318/guava-32.1.2-jre.jar to classpath.
[18:49:12] [main/DEBUG] (FabricLoader/Knot) Adding /Users/carlos/.gradle/caches/modules-2/files-2.1/com.ibm.icu/icu4j/73.2/61ad4ef7f9131fcf6d25c34b817f90d6da06c9e9/icu4j-73.2.jar to classpath.
[18:49:12] [main/DEBUG] (FabricLoader/Knot) Adding /Users/carlos/.gradle/caches/modules-2/files-2.1/com.mojang/blocklist/1.0.10/5c685c5ffa94c4cd39496c7184c1d122e515ecef/blocklist-1.0.10.jar to classpath.
[18:49:12] [main/DEBUG] (FabricLoader/Knot) Adding /Users/carlos/.gradle/caches/modules-2/files-2.1/com.mojang/brigadier/1.3.10/d15b53a14cf20fdcaa98f731af5dda654452c010/brigadier-1.3.10.jar to classpath.
[18:49:12] [main/DEBUG] (FabricLoader/Knot) Adding /Users/carlos/.gradle/caches/modules-2/files-2.1/com.mojang/datafixerupper/8.0.16/67d4de6d7f95d89bcf5862995fb854ebaec02a34/datafixerupper-8.0.16.jar to classpath.
[18:49:12] [main/DEBUG] (FabricLoader/Knot) Adding /Users/carlos/.gradle/caches/modules-2/files-2.1/com.mojang/patchy/2.2.10/da05971b07cbb379d002cf7eaec6a2048211fefc/patchy-2.2.10.jar to classpath.
[18:49:12] [main/DEBUG] (FabricLoader/Knot) Adding /Users/carlos/.gradle/caches/modules-2/files-2.1/com.mojang/text2speech/1.17.9/3cad216e3a7f0c19b4b394388bc9ffc446f13b14/text2speech-1.17.9.jar to classpath.
[18:49:12] [main/DEBUG] (FabricLoader/Knot) Adding /Users/carlos/.gradle/caches/modules-2/files-2.1/commons-codec/commons-codec/1.16.0/4e3eb3d79888d76b54e28b350915b5dc3919c9de/commons-codec-1.16.0.jar to classpath.
[18:49:12] [main/DEBUG] (FabricLoader/Knot) Adding /Users/carlos/.gradle/caches/modules-2/files-2.1/commons-io/commons-io/2.15.1/f11560da189ab563a5c8e351941415430e9304ea/commons-io-2.15.1.jar to classpath.
[18:49:12] [main/DEBUG] (FabricLoader/Knot) Adding /Users/carlos/.gradle/caches/modules-2/files-2.1/commons-logging/commons-logging/1.2/4bfc12adfe4842bf07b657f0369c4cb522955686/commons-logging-1.2.jar to classpath.
[18:49:12] [main/DEBUG] (FabricLoader/Knot) Adding /Users/carlos/.gradle/caches/modules-2/files-2.1/io.netty/netty-buffer/4.1.97.Final/f8f3d8644afa5e6e1a40a3a6aeb9d9aa970ecb4f/netty-buffer-4.1.97.Final.jar to classpath.
[18:49:12] [main/DEBUG] (FabricLoader/Knot) Adding /Users/carlos/.gradle/caches/modules-2/files-2.1/io.netty/netty-codec/4.1.97.Final/384ba4d75670befbedb45c4d3b497a93639c206d/netty-codec-4.1.97.Final.jar to classpath.
[18:49:12] [main/DEBUG] (FabricLoader/Knot) Adding /Users/carlos/.gradle/caches/modules-2/files-2.1/io.netty/netty-common/4.1.97.Final/7cceacaf11df8dc63f23d0fb58e9d4640fc88404/netty-common-4.1.97.Final.jar to classpath.
[18:49:12] [main/DEBUG] (FabricLoader/Knot) Adding /Users/carlos/.gradle/caches/modules-2/files-2.1/io.netty/netty-handler/4.1.97.Final/abb86c6906bf512bf2b797a41cd7d2e8d3cd7c36/netty-handler-4.1.97.Final.jar to classpath.
[18:49:12] [main/DEBUG] (FabricLoader/Knot) Adding /Users/carlos/.gradle/caches/modules-2/files-2.1/io.netty/netty-resolver/4.1.97.Final/cec8348108dc76c47cf87c669d514be52c922144/netty-resolver-4.1.97.Final.jar to classpath.
[18:49:12] [main/DEBUG] (FabricLoader/Knot) Adding /Users/carlos/.gradle/caches/modules-2/files-2.1/io.netty/netty-transport-classes-epoll/4.1.97.Final/795da37ded759e862457a82d9d92c4d39ce8ecee/netty-transport-classes-epoll-4.1.97.Final.jar to classpath.
[18:49:12] [main/DEBUG] (FabricLoader/Knot) Adding /Users/carlos/.gradle/caches/modules-2/files-2.1/io.netty/netty-transport-native-unix-common/4.1.97.Final/d469d84265ab70095b01b40886cabdd433b6e664/netty-transport-native-unix-common-4.1.97.Final.jar to classpath.
[18:49:12] [main/DEBUG] (FabricLoader/Knot) Adding /Users/carlos/.gradle/caches/modules-2/files-2.1/io.netty/netty-transport/4.1.97.Final/f37380d23c9bb079bc702910833b2fd532c9abd0/netty-transport-4.1.97.Final.jar to classpath.
[18:49:12] [main/DEBUG] (FabricLoader/Knot) Adding /Users/carlos/.gradle/caches/modules-2/files-2.1/it.unimi.dsi/fastutil/8.5.12/c24946d46824bd528054bface3231d2ecb7e95e8/fastutil-8.5.12.jar to classpath.
[18:49:12] [main/DEBUG] (FabricLoader/Knot) Adding /Users/carlos/.gradle/caches/modules-2/files-2.1/net.java.dev.jna/jna-platform/5.14.0/28934d48aed814f11e4c584da55c49fa7032b31b/jna-platform-5.14.0.jar to classpath.
[18:49:12] [main/DEBUG] (FabricLoader/Knot) Adding /Users/carlos/.gradle/caches/modules-2/files-2.1/net.java.dev.jna/jna/5.14.0/67bf3eaea4f0718cb376a181a629e5f88fa1c9dd/jna-5.14.0.jar to classpath.
[18:49:12] [main/DEBUG] (FabricLoader/Knot) Adding /Users/carlos/.gradle/caches/modules-2/files-2.1/net.sf.jopt-simple/jopt-simple/5.0.4/4fdac2fbe92dfad86aa6e9301736f6b4342a3f5c/jopt-simple-5.0.4.jar to classpath.
[18:49:12] [main/DEBUG] (FabricLoader/Knot) Adding /Users/carlos/.gradle/caches/modules-2/files-2.1/org.apache.commons/commons-compress/1.26.0/659feffdd12280201c8aacb8f7be94f9a883c824/commons-compress-1.26.0.jar to classpath.
[18:49:12] [main/DEBUG] (FabricLoader/Knot) Adding /Users/carlos/.gradle/caches/modules-2/files-2.1/org.apache.commons/commons-lang3/3.14.0/1ed471194b02f2c6cb734a0cd6f6f107c673afae/commons-lang3-3.14.0.jar to classpath.
[18:49:12] [main/DEBUG] (FabricLoader/Knot) Adding /Users/carlos/.gradle/caches/modules-2/files-2.1/org.apache.httpcomponents/httpclient/4.5.13/e5f6cae5ca7ecaac1ec2827a9e2d65ae2869cada/httpclient-4.5.13.jar to classpath.
[18:49:12] [main/DEBUG] (FabricLoader/Knot) Adding /Users/carlos/.gradle/caches/modules-2/files-2.1/org.apache.httpcomponents/httpcore/4.4.16/51cf043c87253c9f58b539c9f7e44c8894223850/httpcore-4.4.16.jar to classpath.
[18:49:12] [main/DEBUG] (FabricLoader/Knot) Adding /Users/carlos/.gradle/caches/modules-2/files-2.1/org.jcraft/jorbis/0.0.17/8872d22b293e8f5d7d56ff92be966e6dc28ebdc6/jorbis-0.0.17.jar to classpath.
[18:49:12] [main/DEBUG] (FabricLoader/Knot) Adding /Users/carlos/.gradle/caches/modules-2/files-2.1/org.joml/joml/1.10.5/22566d58af70ad3d72308bab63b8339906deb649/joml-1.10.5.jar to classpath.
[18:49:12] [main/DEBUG] (FabricLoader/Knot) Adding /Users/carlos/.gradle/caches/modules-2/files-2.1/org.lwjgl/lwjgl-freetype/3.3.3/a0db6c84a8becc8ca05f9dbfa985edc348a824c7/lwjgl-freetype-3.3.3.jar to classpath.
[18:49:12] [main/DEBUG] (FabricLoader/Knot) Adding /Users/carlos/.gradle/caches/modules-2/files-2.1/org.lwjgl/lwjgl-freetype/3.3.3/b0a8c9baa9d1f54ac61e1ab9640c7659e7fa700c/lwjgl-freetype-3.3.3-natives-macos-arm64.jar to classpath.
[18:49:12] [main/DEBUG] (FabricLoader/Knot) Adding /Users/carlos/.gradle/caches/modules-2/files-2.1/org.lwjgl/lwjgl-freetype/3.3.3/806d869f37ce0df388a24e17aaaf5ca0894d851b/lwjgl-freetype-3.3.3-natives-macos-patch.jar to classpath.
[18:49:12] [main/DEBUG] (FabricLoader/Knot) Adding /Users/carlos/.gradle/caches/modules-2/files-2.1/org.lwjgl/lwjgl-glfw/3.3.3/efa1eb78c5ccd840e9f329717109b5e892d72f8e/lwjgl-glfw-3.3.3.jar to classpath.
[18:49:12] [main/DEBUG] (FabricLoader/Knot) Adding /Users/carlos/.gradle/caches/modules-2/files-2.1/org.lwjgl/lwjgl-glfw/3.3.3/a1bf400f6bc64e6195596cb1430dafda46090751/lwjgl-glfw-3.3.3-natives-macos.jar to classpath.
[18:49:12] [main/DEBUG] (FabricLoader/Knot) Adding /Users/carlos/.gradle/caches/modules-2/files-2.1/org.lwjgl/lwjgl-glfw/3.3.3/ee8cc78d0a4a5b3b4600fade6d927c9fc320c858/lwjgl-glfw-3.3.3-natives-macos-arm64.jar to classpath.
[18:49:12] [main/DEBUG] (FabricLoader/Knot) Adding /Users/carlos/.gradle/caches/modules-2/files-2.1/org.lwjgl/lwjgl-jemalloc/3.3.3/b543467b7ff3c6920539a88ee602d34098628be5/lwjgl-jemalloc-3.3.3.jar to classpath.
[18:49:12] [main/DEBUG] (FabricLoader/Knot) Adding /Users/carlos/.gradle/caches/modules-2/files-2.1/org.lwjgl/lwjgl-jemalloc/3.3.3/2906637657a57579847238c9c72d2c4bde7083f8/lwjgl-jemalloc-3.3.3-natives-macos.jar to classpath.
[18:49:12] [main/DEBUG] (FabricLoader/Knot) Adding /Users/carlos/.gradle/caches/modules-2/files-2.1/org.lwjgl/lwjgl-jemalloc/3.3.3/e9412c3ff8cb3a3bad1d3f52909ad74d8a5bdad1/lwjgl-jemalloc-3.3.3-natives-macos-arm64.jar to classpath.
[18:49:12] [main/DEBUG] (FabricLoader/Knot) Adding /Users/carlos/.gradle/caches/modules-2/files-2.1/org.lwjgl/lwjgl-openal/3.3.3/daada81ceb5fc0c291fbfdd4433cb8d9423577f2/lwjgl-openal-3.3.3.jar to classpath.
[18:49:12] [main/DEBUG] (FabricLoader/Knot) Adding /Users/carlos/.gradle/caches/modules-2/files-2.1/org.lwjgl/lwjgl-openal/3.3.3/8df8338bfa77f2ebabef4e58964bd04d24805cbf/lwjgl-openal-3.3.3-natives-macos.jar to classpath.
[18:49:12] [main/DEBUG] (FabricLoader/Knot) Adding /Users/carlos/.gradle/caches/modules-2/files-2.1/org.lwjgl/lwjgl-openal/3.3.3/c78b078de2fb52f45aa55d04db889a560f3544f/lwjgl-openal-3.3.3-natives-macos-arm64.jar to classpath.
[18:49:12] [main/DEBUG] (FabricLoader/Knot) Adding /Users/carlos/.gradle/caches/modules-2/files-2.1/org.lwjgl/lwjgl-opengl/3.3.3/2f6b0147078396a58979125a4c947664e98293a/lwjgl-opengl-3.3.3.jar to classpath.
[18:49:12] [main/DEBUG] (FabricLoader/Knot) Adding /Users/carlos/.gradle/caches/modules-2/files-2.1/org.lwjgl/lwjgl-opengl/3.3.3/1bd45997551ae8a28469f3a2b678f4b7289e12c0/lwjgl-opengl-3.3.3-natives-macos.jar to classpath.
[18:49:12] [main/DEBUG] (FabricLoader/Knot) Adding /Users/carlos/.gradle/caches/modules-2/files-2.1/org.lwjgl/lwjgl-opengl/3.3.3/d213ddef27637b1af87961ffa94d6b27036becc8/lwjgl-opengl-3.3.3-natives-macos-arm64.jar to classpath.
[18:49:12] [main/DEBUG] (FabricLoader/Knot) Adding /Users/carlos/.gradle/caches/modules-2/files-2.1/org.lwjgl/lwjgl-stb/3.3.3/25dd6161988d7e65f71d5065c99902402ee32746/lwjgl-stb-3.3.3.jar to classpath.
[18:49:12] [main/DEBUG] (FabricLoader/Knot) Adding /Users/carlos/.gradle/caches/modules-2/files-2.1/org.lwjgl/lwjgl-stb/3.3.3/472792c98fb2c1557c060cb9da5fca6a9773621f/lwjgl-stb-3.3.3-natives-macos.jar to classpath.
[18:49:12] [main/DEBUG] (FabricLoader/Knot) Adding /Users/carlos/.gradle/caches/modules-2/files-2.1/org.lwjgl/lwjgl-stb/3.3.3/51c6955571fbcdb7bb538c6aa589b953b584c6af/lwjgl-stb-3.3.3-natives-macos-arm64.jar to classpath.
[18:49:12] [main/DEBUG] (FabricLoader/Knot) Adding /Users/carlos/.gradle/caches/modules-2/files-2.1/org.lwjgl/lwjgl-tinyfd/3.3.3/82d755ca94b102e9ca77283b9e2dc46d1b15fbe5/lwjgl-tinyfd-3.3.3.jar to classpath.
[18:49:12] [main/DEBUG] (FabricLoader/Knot) Adding /Users/carlos/.gradle/caches/modules-2/files-2.1/org.lwjgl/lwjgl-tinyfd/3.3.3/6598081e346a03038a8be68eb2de614a1c2eac68/lwjgl-tinyfd-3.3.3-natives-macos.jar to classpath.
[18:49:12] [main/DEBUG] (FabricLoader/Knot) Adding /Users/carlos/.gradle/caches/modules-2/files-2.1/org.lwjgl/lwjgl-tinyfd/3.3.3/406feedb977372085a61eb0fee358183f4f4c67a/lwjgl-tinyfd-3.3.3-natives-macos-arm64.jar to classpath.
[18:49:12] [main/DEBUG] (FabricLoader/Knot) Adding /Users/carlos/.gradle/caches/modules-2/files-2.1/org.lwjgl/lwjgl/3.3.3/29589b5f87ed335a6c7e7ee6a5775f81f97ecb84/lwjgl-3.3.3.jar to classpath.
[18:49:12] [main/DEBUG] (FabricLoader/Knot) Adding /Users/carlos/.gradle/caches/modules-2/files-2.1/org.lwjgl/lwjgl/3.3.3/33a6efa288390490ce6eb6c3df47ac21ecf648cf/lwjgl-3.3.3-natives-macos.jar to classpath.
[18:49:12] [main/DEBUG] (FabricLoader/Knot) Adding /Users/carlos/.gradle/caches/modules-2/files-2.1/org.lwjgl/lwjgl/3.3.3/226246e75f6bd8d4e1895bdce8638ef87808d114/lwjgl-3.3.3-natives-macos-arm64.jar to classpath.
[18:49:12] [main/DEBUG] (FabricLoader/Knot) Adding /Users/carlos/.gradle/caches/modules-2/files-2.1/org.lz4/lz4-java/1.8.0/4b986a99445e49ea5fbf5d149c4b63f6ed6c6780/lz4-java-1.8.0.jar to classpath.
[18:49:12] [main/DEBUG] (FabricLoader/Knot) Adding /Users/carlos/.gradle/caches/modules-2/files-2.1/io.netty/netty-transport-native-epoll/4.1.97.Final/54188f271e388e7f313aea995e82f58ce2cdb809/netty-transport-native-epoll-4.1.97.Final-linux-x86_64.jar to classpath.
[18:49:12] [main/DEBUG] (FabricLoader/Knot) Adding /Users/carlos/.gradle/caches/modules-2/files-2.1/io.netty/netty-transport-native-epoll/4.1.97.Final/5514744c588190ffda076b35a9b8c9f24946a960/netty-transport-native-epoll-4.1.97.Final-linux-aarch_64.jar to classpath.
[18:49:12] [main/DEBUG] (FabricLoader/Knot) Adding /Users/carlos/.gradle/caches/modules-2/files-2.1/meteordevelopment/orbit/0.2.4/3a5ba3b5d3d5a43eda3b145bbe81cd5607f86422/orbit-0.2.4.jar to classpath.
[18:49:12] [main/DEBUG] (FabricLoader/Knot) Adding /Users/carlos/.gradle/caches/modules-2/files-2.1/meteordevelopment/starscript/0.2.2/96b21475b67901392a1be38871ea4dfc2011b7d9/starscript-0.2.2.jar to classpath.
[18:49:12] [main/DEBUG] (FabricLoader/Knot) Adding /Users/carlos/.gradle/caches/modules-2/files-2.1/meteordevelopment/discord-ipc/1.1/cb36df2976623c8aa350c77d70ba0ddf55fe764f/discord-ipc-1.1.jar to classpath.
[18:49:12] [main/DEBUG] (FabricLoader/Knot) Adding /Users/carlos/.gradle/caches/modules-2/files-2.1/org.reflections/reflections/0.10.2/b638d7ca0e0fe0146b60a0e7ba232ad852a73b31/reflections-0.10.2.jar to classpath.
[18:49:12] [main/DEBUG] (FabricLoader/Knot) Adding /Users/carlos/.gradle/caches/modules-2/files-2.1/io.netty/netty-handler-proxy/4.1.90.Final/6ab526a43a14f7796434fa6a705c34201603235f/netty-handler-proxy-4.1.90.Final.jar to classpath.
[18:49:12] [main/DEBUG] (FabricLoader/Knot) Adding /Users/carlos/.gradle/caches/modules-2/files-2.1/io.netty/netty-codec-socks/4.1.90.Final/7397535a4e03d2f74c71aa2282eb7a2760ffc37b/netty-codec-socks-4.1.90.Final.jar to classpath.
[18:49:12] [main/DEBUG] (FabricLoader/Knot) Adding /Users/carlos/.gradle/caches/modules-2/files-2.1/de.florianmichael/WaybackAuthLib/1.0.1/37e3517188c78e0459a9923f1249d88476119238/WaybackAuthLib-1.0.1.jar to classpath.
[18:49:12] [main/DEBUG] (FabricLoader/Knot) Adding /Users/carlos/.gradle/caches/modules-2/files-2.1/org.javassist/javassist/3.28.0-GA/9a958811a88381bb159cc2f5ed79c34a45c4af7a/javassist-3.28.0-GA.jar to classpath.
[18:49:12] [main/DEBUG] (FabricLoader/Knot) Adding /Users/carlos/.gradle/caches/modules-2/files-2.1/com.google.code.findbugs/jsr305/3.0.2/25ea2e8b0c338a877313bd4672d3fe056ea78f0d/jsr305-3.0.2.jar to classpath.
[18:49:12] [main/DEBUG] (FabricLoader/Knot) Adding /Users/carlos/Downloads/meteor-chunk-addon-main/.gradle/loom-cache/remapped_mods/net_fabricmc_yarn_1_21_1_1_21_1_build_2_v2/meteordevelopment/meteor-client/0.5.8/meteor-client-0.5.8.jar to classpath.
[18:49:12] [main/DEBUG] (FabricLoader/Knot) Adding /Users/carlos/Downloads/meteor-chunk-addon-main/.gradle/loom-cache/remapped_mods/net_fabricmc_yarn_1_21_1_1_21_1_build_2_v2/net/fabricmc/fabric-api/fabric-resource-loader-v0/1.3.0+565991296a/fabric-resource-loader-v0-1.3.0+565991296a.jar to classpath.
[18:49:12] [main/DEBUG] (FabricLoader/Knot) Adding /Users/carlos/.gradle/caches/modules-2/files-2.1/org.jline/jline-reader/3.20.0/8f15415b022a25b473e8e16c28ae913186ffb9c4/jline-reader-3.20.0.jar to classpath.
[18:49:12] [main/DEBUG] (FabricLoader/Knot) Adding /Users/carlos/.gradle/caches/modules-2/files-2.1/org.jline/jline-terminal/3.20.0/d0ddcc708ddf527a3454c941b7b9225cc83a15ff/jline-terminal-3.20.0.jar to classpath.
[18:49:12] [main/DEBUG] (FabricLoader/Entrypoint) No subscribers for entrypoint 'preLaunch'
[18:49:12] [main/DEBUG] (FabricLoader/Mixin) Preparing mixins for MixinEnvironment[DEFAULT]
[18:49:12] [main/DEBUG] (FabricLoader/Mixin) Selecting config meteor-client.mixins.json
[18:49:12] [main/DEBUG] (FabricLoader/Mixin) Remapping refMap meteor-client-refmap.json using remapper chain
[18:49:12] [main/DEBUG] (FabricLoader/Mixin) Selecting config meteor-client-baritone.mixins.json
[18:49:12] [main/DEBUG] (FabricLoader/Mixin) Remapping refMap meteor-client-refmap.json using remapper chain
[18:49:12] [main/DEBUG] (FabricLoader/Mixin) Selecting config meteor-client-indigo.mixins.json
[18:49:12] [main/DEBUG] (FabricLoader/Mixin) Remapping refMap meteor-client-refmap.json using remapper chain
[18:49:12] [main/DEBUG] (FabricLoader/Mixin) Selecting config meteor-client-sodium.mixins.json
[18:49:12] [main/DEBUG] (FabricLoader/Mixin) Remapping refMap meteor-client-refmap.json using remapper chain
[18:49:12] [main/DEBUG] (FabricLoader/Mixin) Selecting config meteor-client-lithium.mixins.json
[18:49:12] [main/DEBUG] (FabricLoader/Mixin) Remapping refMap meteor-client-refmap.json using remapper chain
[18:49:12] [main/DEBUG] (FabricLoader/Mixin) Selecting config meteor-client-viafabricplus.mixins.json
[18:49:12] [main/DEBUG] (FabricLoader/Mixin) Remapping refMap meteor-client-refmap.json using remapper chain
[18:49:12] [main/DEBUG] (FabricLoader/Mixin) Selecting config fabric-resource-loader-v0.mixins.json
[18:49:12] [main/DEBUG] (FabricLoader/Mixin) Remapping refMap fabric-resource-loader-v0-refmap.json using remapper chain
[18:49:12] [main/DEBUG] (FabricLoader/Mixin) Selecting config fabric-resource-loader-v0.client.mixins.json
[18:49:12] [main/DEBUG] (FabricLoader/Mixin) Remapping refMap client-fabric-resource-loader-v0-refmap.json using remapper chain
[18:49:12] [main/DEBUG] (FabricLoader/Mixin) Selecting config ametium-addon.mixins.json
[18:49:12] [main/DEBUG] (FabricLoader/Mixin) Selecting config mixinextras.init.mixins.json
[18:49:12] [main/DEBUG] (FabricLoader/MixinExtras|Service) com.llamalad7.mixinextras.service.MixinExtrasServiceImpl(version=0.3.5) is taking over from null
[18:49:12] [main/DEBUG] (FabricLoader/Mixin) Registering new injector for @Inject with org.spongepowered.asm.mixin.injection.struct.CallbackInjectionInfo
[18:49:12] [main/DEBUG] (FabricLoader/Mixin) Registering new injector for @ModifyArg with org.spongepowered.asm.mixin.injection.struct.ModifyArgInjectionInfo
[18:49:12] [main/DEBUG] (FabricLoader/Mixin) Registering new injector for @ModifyArgs with org.spongepowered.asm.mixin.injection.struct.ModifyArgsInjectionInfo
[18:49:12] [main/DEBUG] (FabricLoader/Mixin) Registering new injector for @Redirect with org.spongepowered.asm.mixin.injection.struct.RedirectInjectionInfo
[18:49:12] [main/DEBUG] (FabricLoader/Mixin) Registering new injector for @ModifyVariable with org.spongepowered.asm.mixin.injection.struct.ModifyVariableInjectionInfo
[18:49:12] [main/DEBUG] (FabricLoader/Mixin) Registering new injector for @ModifyConstant with org.spongepowered.asm.mixin.injection.struct.ModifyConstantInjectionInfo
[18:49:12] [main/DEBUG] (FabricLoader/Mixin) Preparing meteor-client.mixins.json (181)
[18:49:12] [main/DEBUG] (FabricLoader/Mixin) @Mixin target com/mojang/blaze3d/platform/GlStateManager$CapabilityTracker is public in meteor-client.mixins.json:CapabilityTrackerMixin from mod meteor-client and should be specified in value
[18:49:12] [main/DEBUG] (FabricLoader/Mixin) @Mixin target net/minecraft/client/gui/screen/ingame/CreativeInventoryScreen$CreativeSlot is public in meteor-client.mixins.json:CreativeSlotMixin from mod meteor-client and should be specified in value
[18:49:12] [main/DEBUG] (FabricLoader/Mixin) @Mixin target net/minecraft/screen/PlayerScreenHandler$1 is public in meteor-client.mixins.json:PlayerArmorSlotMixin from mod meteor-client and should be specified in value
[18:49:12] [main/DEBUG] (FabricLoader/Mixin) @Mixin target net/minecraft/client/font/TextRenderer$Drawer is public in meteor-client.mixins.json:TextRendererMixin from mod meteor-client and should be specified in value
[18:49:12] [main/DEBUG] (FabricLoader/Mixin) Preparing meteor-client-baritone.mixins.json (1)
[18:49:12] [main/WARN] (FabricLoader/Mixin) Error loading class: baritone/command/defaults/ComeCommand (java.lang.ClassNotFoundException: baritone/command/defaults/ComeCommand)
[18:49:12] [main/WARN] (FabricLoader/Mixin) @Mixin target baritone.command.defaults.ComeCommand was not found meteor-client-baritone.mixins.json:ComeCommandMixin from mod meteor-client
[18:49:12] [main/DEBUG] (FabricLoader/Mixin) Preparing meteor-client-indigo.mixins.json (2)
[18:49:12] [main/DEBUG] (FabricLoader/Mixin) Preparing meteor-client-sodium.mixins.json (6)
[18:49:12] [main/DEBUG] (FabricLoader/Mixin) Preparing meteor-client-lithium.mixins.json (2)
[18:49:12] [main/DEBUG] (FabricLoader/Mixin) Preparing meteor-client-viafabricplus.mixins.json (1)
[18:49:12] [main/DEBUG] (FabricLoader/Mixin) Preparing fabric-resource-loader-v0.mixins.json (14)
[18:49:12] [main/DEBUG] (FabricLoader/Mixin) Preparing fabric-resource-loader-v0.client.mixins.json (8)
[18:49:12] [main/DEBUG] (FabricLoader/Mixin) @Mixin target net/minecraft/client/option/GameOptions$3 is public in fabric-resource-loader-v0.client.mixins.json:GameOptionsWriteVisitorMixin from mod fabric-resource-loader-v0 and should be specified in value
[18:49:12] [main/DEBUG] (FabricLoader/Mixin) Preparing ametium-addon.mixins.json (9)
[18:49:12] [main/DEBUG] (FabricLoader/Mixin) Preparing mixinextras.init.mixins.json (0)
[18:49:12] [main/DEBUG] (FabricLoader/Mixin) Prepared 211 mixins in 0.383 sec (1.8ms avg) (0ms load, 0ms transform, 0ms plugin)
[18:49:12] [main/DEBUG] (io.netty.util.internal.logging.InternalLoggerFactory) Using SLF4J as the default logging framework
[18:49:12] [main/DEBUG] (io.netty.util.ResourceLeakDetector) -Dio.netty.leakDetection.level: simple
[18:49:12] [main/DEBUG] (io.netty.util.ResourceLeakDetector) -Dio.netty.leakDetection.targetRecords: 4
[18:49:12] [main/INFO] (FabricLoader/MixinExtras|Service) Initializing MixinExtras via com.llamalad7.mixinextras.service.MixinExtrasServiceImpl(version=0.3.5).
[18:49:12] [main/DEBUG] (FabricLoader/Mixin) Registering new injector for @SugarWrapper with com.llamalad7.mixinextras.sugar.impl.SugarWrapperInjectionInfo
[18:49:12] [main/DEBUG] (FabricLoader/Mixin) Registering new injector for @FactoryRedirectWrapper with com.llamalad7.mixinextras.wrapper.factory.FactoryRedirectWrapperInjectionInfo
[18:49:12] [main/DEBUG] (FabricLoader/Mixin) Mixing TextMixin from meteor-client.mixins.json into net.minecraft.text.Text
[18:49:12] [main/DEBUG] (FabricLoader/Mixin) Mixing MutableTextMixin from meteor-client.mixins.json into net.minecraft.text.MutableText
[18:49:12] [main/DEBUG] (FabricLoader/Mixin) Mixing IdentifierAccessor from meteor-client.mixins.json into net.minecraft.util.Identifier
[18:49:13] [main/DEBUG] (FabricLoader/Mixin) Mixing CrashReportMixin from meteor-client.mixins.json into net.minecraft.util.crash.CrashReport
[18:49:13] [main/DEBUG] (FabricLoader/Mixin) meteor-client.mixins.json:CrashReportMixin from mod meteor-client->@Inject::onAddDetails(Ljava/lang/StringBuilder;Lorg/spongepowered/asm/mixin/injection/callback/CallbackInfo;)V doesn't use it's CallbackInfo
[18:49:13] [main/DEBUG] (FabricLoader/Mixin) meteor-client.mixins.json:CrashReportMixin from mod meteor-client->@Inject::onAddDetails(Ljava/lang/StringBuilder;Lorg/spongepowered/asm/mixin/injection/callback/CallbackInfo;)V has 0 override(s) in child classes
[18:49:13] [main/DEBUG] (FabricLoader/Mixin) meteor-client.mixins.json:CrashReportMixin from mod meteor-client->@Inject::onAddDetails(Ljava/lang/StringBuilder;Lorg/spongepowered/asm/mixin/injection/callback/CallbackInfo;)V won't be passed a CallbackInfo as a result
[18:49:13] [Datafixer Bootstrap/INFO] (com.mojang.datafixers.DataFixerBuilder) 226 Datafixer optimizations took 257 milliseconds
[18:49:14] [main/DEBUG] (FabricLoader/Mixin) Mixing ScreenMixin from meteor-client.mixins.json into net.minecraft.client.gui.screen.Screen
[18:49:14] [main/DEBUG] (FabricLoader/Mixin) Mixing ScreenAccessor from ametium-addon.mixins.json into net.minecraft.client.gui.screen.Screen
[18:49:14] [main/DEBUG] (FabricLoader/Mixin) meteor-client.mixins.json:ScreenMixin from mod meteor-client->@Inject::onRenderInGameBackground(Lorg/spongepowered/asm/mixin/injection/callback/CallbackInfo;)V does use it's CallbackInfo
[18:49:14] [main/DEBUG] (FabricLoader/Mixin) meteor-client.mixins.json:ScreenMixin from mod meteor-client->@Inject::onInvalidClickEvent(Lnet/minecraft/text/Style;Lorg/spongepowered/asm/mixin/injection/callback/CallbackInfoReturnable;)V does use it's CallbackInfoReturnable
[18:49:14] [main/DEBUG] (FabricLoader/Mixin) meteor-client.mixins.json:ScreenMixin from mod meteor-client->@Inject::onRunCommand(Lnet/minecraft/text/Style;Lorg/spongepowered/asm/mixin/injection/callback/CallbackInfoReturnable;)V does use it's CallbackInfoReturnable
[18:49:14] [main/DEBUG] (FabricLoader/Mixin) meteor-client.mixins.json:ScreenMixin from mod meteor-client->@Inject::onKeyPressed(IIILorg/spongepowered/asm/mixin/injection/callback/CallbackInfoReturnable;)V does use it's CallbackInfoReturnable
[18:49:14] [main/DEBUG] (FabricLoader/Mixin) Mixing ChatScreenMixin from meteor-client.mixins.json into net.minecraft.client.gui.screen.ChatScreen
[18:49:14] [main/DEBUG] (FabricLoader/Mixin) meteor-client.mixins.json:ChatScreenMixin from mod meteor-client->@Inject::onInit(Lorg/spongepowered/asm/mixin/injection/callback/CallbackInfo;)V doesn't use it's CallbackInfo
[18:49:14] [main/DEBUG] (FabricLoader/Mixin) meteor-client.mixins.json:ChatScreenMixin from mod meteor-client->@Inject::onInit(Lorg/spongepowered/asm/mixin/injection/callback/CallbackInfo;)V has 0 override(s) in child classes
[18:49:14] [main/DEBUG] (FabricLoader/Mixin) meteor-client.mixins.json:ChatScreenMixin from mod meteor-client->@Inject::onInit(Lorg/spongepowered/asm/mixin/injection/callback/CallbackInfo;)V won't be passed a CallbackInfo as a result
[18:49:14] [main/DEBUG] (FabricLoader/Mixin) Mixing RegistriesMixin from meteor-client.mixins.json into net.minecraft.registry.Registries
[18:49:14] [main/DEBUG] (FabricLoader/Mixin) Mixing StatusEffectAccessor from meteor-client.mixins.json into net.minecraft.entity.effect.StatusEffect
[18:49:14] [main/DEBUG] (FabricLoader/Mixin) Mixing ItemGroupsMixin from meteor-client.mixins.json into net.minecraft.item.ItemGroups
[18:49:14] [main/DEBUG] (FabricLoader/Mixin) Mixing BlockMixin from meteor-client.mixins.json into net.minecraft.block.Block
[18:49:14] [main/DEBUG] (FabricLoader/Mixin) Mixing AbstractBlockAccessor from meteor-client.mixins.json into net.minecraft.block.AbstractBlock
[18:49:14] [main/DEBUG] (FabricLoader/Mixin) Mixing AbstractBlockMixin from meteor-client.mixins.json into net.minecraft.block.AbstractBlock
[18:49:14] [main/DEBUG] (FabricLoader/Mixin) meteor-client.mixins.json:AbstractBlockMixin from mod meteor-client->@Inject::onGetAmbientOcclusionLightLevel(Lnet/minecraft/block/BlockState;Lnet/minecraft/world/BlockView;Lnet/minecraft/util/math/BlockPos;Lorg/spongepowered/asm/mixin/injection/callback/CallbackInfoReturnable;)V does use it's CallbackInfoReturnable
[18:49:14] [main/DEBUG] (FabricLoader/Mixin) meteor-client.mixins.json:AbstractBlockMixin from mod meteor-client->@Inject::onRenderingSeed(Lnet/minecraft/block/BlockState;Lnet/minecraft/util/math/BlockPos;Lorg/spongepowered/asm/mixin/injection/callback/CallbackInfoReturnable;)V does use it's CallbackInfoReturnable
[18:49:14] [main/DEBUG] (FabricLoader/Mixin) Mixing EntityAccessor from meteor-client.mixins.json into net.minecraft.entity.Entity
[18:49:14] [main/DEBUG] (FabricLoader/Mixin) Mixing EntityMixin from meteor-client.mixins.json into net.minecraft.entity.Entity
[18:49:14] [main/DEBUG] (FabricLoader/Mixin) meteor-client.mixins.json:EntityMixin from mod meteor-client->@Inject::isTouchingWater(Lorg/spongepowered/asm/mixin/injection/callback/CallbackInfoReturnable;)V does use it's CallbackInfoReturnable
[18:49:14] [main/DEBUG] (FabricLoader/Mixin) meteor-client.mixins.json:EntityMixin from mod meteor-client->@Inject::isInLava(Lorg/spongepowered/asm/mixin/injection/callback/CallbackInfoReturnable;)V does use it's CallbackInfoReturnable
[18:49:14] [main/DEBUG] (FabricLoader/Mixin) meteor-client.mixins.json:EntityMixin from mod meteor-client->@Inject::onBubbleColumnSurfaceCollision(Lorg/spongepowered/asm/mixin/injection/callback/CallbackInfo;)V doesn't use it's CallbackInfo
[18:49:14] [main/DEBUG] (FabricLoader/Mixin) meteor-client.mixins.json:EntityMixin from mod meteor-client->@Inject::onBubbleColumnSurfaceCollision(Lorg/spongepowered/asm/mixin/injection/callback/CallbackInfo;)V has 0 override(s) in child classes
[18:49:14] [main/DEBUG] (FabricLoader/Mixin) meteor-client.mixins.json:EntityMixin from mod meteor-client->@Inject::onBubbleColumnSurfaceCollision(Lorg/spongepowered/asm/mixin/injection/callback/CallbackInfo;)V won't be passed a CallbackInfo as a result
[18:49:14] [main/DEBUG] (FabricLoader/Mixin) meteor-client.mixins.json:EntityMixin from mod meteor-client->@Inject::onBubbleColumnCollision(Lorg/spongepowered/asm/mixin/injection/callback/CallbackInfo;)V doesn't use it's CallbackInfo
[18:49:14] [main/DEBUG] (FabricLoader/Mixin) meteor-client.mixins.json:EntityMixin from mod meteor-client->@Inject::onBubbleColumnCollision(Lorg/spongepowered/asm/mixin/injection/callback/CallbackInfo;)V has 0 override(s) in child classes
[18:49:14] [main/DEBUG] (FabricLoader/Mixin) meteor-client.mixins.json:EntityMixin from mod meteor-client->@Inject::onBubbleColumnCollision(Lorg/spongepowered/asm/mixin/injection/callback/CallbackInfo;)V won't be passed a CallbackInfo as a result
[18:49:14] [main/DEBUG] (FabricLoader/Mixin) ArgsClassGenerator assigning org.spongepowered.asm.synthetic.args.Args$1 for descriptor (DDD)V
[18:49:14] [main/DEBUG] (FabricLoader/Mixin) meteor-client.mixins.json:EntityMixin from mod meteor-client->@Inject::onMove(Lnet/minecraft/entity/MovementType;Lnet/minecraft/util/math/Vec3d;Lorg/spongepowered/asm/mixin/injection/callback/CallbackInfo;)V doesn't use it's CallbackInfo
[18:49:14] [main/DEBUG] (FabricLoader/Mixin) meteor-client.mixins.json:EntityMixin from mod meteor-client->@Inject::onMove(Lnet/minecraft/entity/MovementType;Lnet/minecraft/util/math/Vec3d;Lorg/spongepowered/asm/mixin/injection/callback/CallbackInfo;)V has 0 override(s) in child classes
[18:49:14] [main/DEBUG] (FabricLoader/Mixin) meteor-client.mixins.json:EntityMixin from mod meteor-client->@Inject::onMove(Lnet/minecraft/entity/MovementType;Lnet/minecraft/util/math/Vec3d;Lorg/spongepowered/asm/mixin/injection/callback/CallbackInfo;)V won't be passed a CallbackInfo as a result
[18:49:14] [main/DEBUG] (FabricLoader/Mixin) meteor-client.mixins.json:EntityMixin from mod meteor-client->@Inject::onGetTeamColorValue(Lorg/spongepowered/asm/mixin/injection/callback/CallbackInfoReturnable;)V does use it's CallbackInfoReturnable
[18:49:14] [main/DEBUG] (FabricLoader/Mixin) meteor-client.mixins.json:EntityMixin from mod meteor-client->@Inject::isGlowing(Lorg/spongepowered/asm/mixin/injection/callback/CallbackInfoReturnable;)V does use it's CallbackInfoReturnable
[18:49:14] [main/DEBUG] (FabricLoader/Mixin) meteor-client.mixins.json:EntityMixin from mod meteor-client->@Inject::onGetTargetingMargin(Lorg/spongepowered/asm/mixin/injection/callback/CallbackInfoReturnable;)V does use it's CallbackInfoReturnable
[18:49:14] [main/DEBUG] (FabricLoader/Mixin) meteor-client.mixins.json:EntityMixin from mod meteor-client->@Inject::onIsInvisibleTo(Lnet/minecraft/entity/player/PlayerEntity;Lorg/spongepowered/asm/mixin/injection/callback/CallbackInfoReturnable;)V does use it's CallbackInfoReturnable
[18:49:14] [main/DEBUG] (FabricLoader/Mixin) meteor-client.mixins.json:EntityMixin from mod meteor-client->@Inject::getPoseHook(Lorg/spongepowered/asm/mixin/injection/callback/CallbackInfoReturnable;)V does use it's CallbackInfoReturnable
[18:49:14] [main/DEBUG] (FabricLoader/Mixin) meteor-client.mixins.json:EntityMixin from mod meteor-client->@Inject::updateChangeLookDirection(DDLorg/spongepowered/asm/mixin/injection/callback/CallbackInfo;)V does use it's CallbackInfo
[18:49:14] [main/DEBUG] (FabricLoader/Mixin) Mixing PlayerEntityMixin from meteor-client.mixins.json into net.minecraft.entity.player.PlayerEntity
[18:49:14] [main/DEBUG] (FabricLoader/Mixin) meteor-client.mixins.json:PlayerEntityMixin from mod meteor-client->@Inject::clipAtLedge(Lorg/spongepowered/asm/mixin/injection/callback/CallbackInfoReturnable;)V does use it's CallbackInfoReturnable
[18:49:14] [main/DEBUG] (FabricLoader/Mixin) meteor-client.mixins.json:PlayerEntityMixin from mod meteor-client->@Inject::onDropItem(Lnet/minecraft/item/ItemStack;ZZLorg/spongepowered/asm/mixin/injection/callback/CallbackInfoReturnable;)V does use it's CallbackInfoReturnable
[18:49:14] [main/DEBUG] (FabricLoader/Mixin) meteor-client.mixins.json:PlayerEntityMixin from mod meteor-client->@Inject::dontJump(Lorg/spongepowered/asm/mixin/injection/callback/CallbackInfo;)V does use it's CallbackInfo
[18:49:14] [main/DEBUG] (FabricLoader/Mixin) meteor-client.mixins.json:PlayerEntityMixin from mod meteor-client->@Inject::onGetOffGroundSpeed(Lorg/spongepowered/asm/mixin/injection/callback/CallbackInfoReturnable;)V does use it's CallbackInfoReturnable
[18:49:14] [main/DEBUG] (FabricLoader/Mixin) Mixing LivingEntityAccessor from meteor-client.mixins.json into net.minecraft.entity.LivingEntity
[18:49:14] [main/DEBUG] (FabricLoader/Mixin) Mixing LivingEntityMixin from meteor-client.mixins.json into net.minecraft.entity.LivingEntity
[18:49:14] [main/DEBUG] (FabricLoader/Mixin) meteor-client.mixins.json:LivingEntityMixin from mod meteor-client->@Inject::onDamageHead(Lnet/minecraft/entity/damage/DamageSource;FLorg/spongepowered/asm/mixin/injection/callback/CallbackInfoReturnable;)V doesn't use it's CallbackInfoReturnable
[18:49:14] [main/DEBUG] (FabricLoader/Mixin) meteor-client.mixins.json:LivingEntityMixin from mod meteor-client->@Inject::onDamageHead(Lnet/minecraft/entity/damage/DamageSource;FLorg/spongepowered/asm/mixin/injection/callback/CallbackInfoReturnable;)V has 0 override(s) in child classes
[18:49:14] [main/DEBUG] (FabricLoader/Mixin) meteor-client.mixins.json:LivingEntityMixin from mod meteor-client->@Inject::onDamageHead(Lnet/minecraft/entity/damage/DamageSource;FLorg/spongepowered/asm/mixin/injection/callback/CallbackInfoReturnable;)V won't be passed a CallbackInfoReturnable as a result
[18:49:14] [main/DEBUG] (FabricLoader/Mixin) meteor-client.mixins.json:LivingEntityMixin from mod meteor-client->@Inject::spawnItemParticles(Lnet/minecraft/item/ItemStack;ILorg/spongepowered/asm/mixin/injection/callback/CallbackInfo;)V does use it's CallbackInfo
[18:49:14] [main/DEBUG] (FabricLoader/Mixin) meteor-client.mixins.json:LivingEntityMixin from mod meteor-client->@Inject::onEquipStack(Lnet/minecraft/entity/EquipmentSlot;Lnet/minecraft/item/ItemStack;Lnet/minecraft/item/ItemStack;Lorg/spongepowered/asm/mixin/injection/callback/CallbackInfo;)V does use it's CallbackInfo
[18:49:14] [main/DEBUG] (FabricLoader/Mixin) meteor-client.mixins.json:LivingEntityMixin from mod meteor-client->@Inject::recastOnLand(Lorg/spongepowered/asm/mixin/injection/callback/CallbackInfoReturnable;)V does use it's CallbackInfoReturnable
[18:49:14] [main/DEBUG] (FabricLoader/Mixin) Mixing WorldAccessor from meteor-client.mixins.json into net.minecraft.world.World
[18:49:14] [main/DEBUG] (FabricLoader/Mixin) Mixing ItemEntityMixin from meteor-client.mixins.json into net.minecraft.entity.ItemEntity
[18:49:14] [main/DEBUG] (FabricLoader/Mixin) Mixing PacketByteBufMixin from meteor-client.mixins.json into net.minecraft.network.PacketByteBuf
[18:49:14] [main/DEBUG] (FabricLoader/Mixin) Mixing Vec3dMixin from meteor-client.mixins.json into net.minecraft.util.math.Vec3d
[18:49:14] [main/DEBUG] (FabricLoader/Mixin) Mixing ShulkerBoxBlockMixin from meteor-client.mixins.json into net.minecraft.block.ShulkerBoxBlock
[18:49:14] [main/DEBUG] (FabricLoader/Mixin) meteor-client.mixins.json:ShulkerBoxBlockMixin from mod meteor-client->@Inject::onAppendTooltip(Lnet/minecraft/item/ItemStack;Lnet/minecraft/item/Item$TooltipContext;Ljava/util/List;Lnet/minecraft/item/tooltip/TooltipType;Lorg/spongepowered/asm/mixin/injection/callback/CallbackInfo;)V does use it's CallbackInfo
[18:49:14] [main/DEBUG] (FabricLoader/Mixin) Mixing CobwebBlockMixin from meteor-client.mixins.json into net.minecraft.block.CobwebBlock
[18:49:14] [main/DEBUG] (FabricLoader/Mixin) meteor-client.mixins.json:CobwebBlockMixin from mod meteor-client->@Inject::onEntityCollision(Lnet/minecraft/block/BlockState;Lnet/minecraft/world/World;Lnet/minecraft/util/math/BlockPos;Lnet/minecraft/entity/Entity;Lorg/spongepowered/asm/mixin/injection/callback/CallbackInfo;)V does use it's CallbackInfo
[18:49:14] [main/DEBUG] (FabricLoader/Mixin) Mixing SlimeBlockMixin from meteor-client.mixins.json into net.minecraft.block.SlimeBlock
[18:49:14] [main/DEBUG] (FabricLoader/Mixin) meteor-client.mixins.json:SlimeBlockMixin from mod meteor-client->@Inject::onSteppedOn(Lnet/minecraft/world/World;Lnet/minecraft/util/math/BlockPos;Lnet/minecraft/block/BlockState;Lnet/minecraft/entity/Entity;Lorg/spongepowered/asm/mixin/injection/callback/CallbackInfo;)V does use it's CallbackInfo
[18:49:14] [main/DEBUG] (FabricLoader/Mixin) Mixing SweetBerryBushBlockMixin from meteor-client.mixins.json into net.minecraft.block.SweetBerryBushBlock
[18:49:14] [main/DEBUG] (FabricLoader/Mixin) meteor-client.mixins.json:SweetBerryBushBlockMixin from mod meteor-client->@Inject::onEntityCollision(Lnet/minecraft/block/BlockState;Lnet/minecraft/world/World;Lnet/minecraft/util/math/BlockPos;Lnet/minecraft/entity/Entity;Lorg/spongepowered/asm/mixin/injection/callback/CallbackInfo;)V does use it's CallbackInfo
[18:49:14] [main/DEBUG] (FabricLoader/Mixin) Mixing PowderSnowBlockMixin from meteor-client.mixins.json into net.minecraft.block.PowderSnowBlock
[18:49:14] [main/DEBUG] (FabricLoader/Mixin) Mixing BlockStateMixin from meteor-client.mixins.json into net.minecraft.block.BlockState
[18:49:14] [main/DEBUG] (FabricLoader/Mixin) Mixing AbstractBlockStateMixin from meteor-client.mixins.json into net.minecraft.block.AbstractBlock$AbstractBlockState
[18:49:14] [main/DEBUG] (FabricLoader/Mixin) meteor-client.mixins.json:AbstractBlockStateMixin from mod meteor-client->@Inject::modifyPos(Lnet/minecraft/world/BlockView;Lnet/minecraft/util/math/BlockPos;Lorg/spongepowered/asm/mixin/injection/callback/CallbackInfoReturnable;)V does use it's CallbackInfoReturnable
[18:49:14] [main/DEBUG] (FabricLoader/Mixin) Mixing StatusEffectInstanceAccessor from meteor-client.mixins.json into net.minecraft.entity.effect.StatusEffectInstance
[18:49:14] [main/DEBUG] (FabricLoader/Mixin) Mixing StatusEffectInstanceMixin from meteor-client.mixins.json into net.minecraft.entity.effect.StatusEffectInstance
[18:49:14] [main/DEBUG] (FabricLoader/Mixin) meteor-client.mixins.json:StatusEffectInstanceMixin from mod meteor-client->@Inject::tick(Lorg/spongepowered/asm/mixin/injection/callback/CallbackInfoReturnable;)V does use it's CallbackInfoReturnable
[18:49:14] [main/DEBUG] (FabricLoader/Mixin) Mixing EntityEffectParticleEffectAccessor from meteor-client.mixins.json into net.minecraft.particle.EntityEffectParticleEffect
[18:49:14] [main/DEBUG] (FabricLoader/Mixin) Mixing BlockEntityTypeAccessor from meteor-client.mixins.json into net.minecraft.block.entity.BlockEntityType
[18:49:15] [main/DEBUG] (FabricLoader/Mixin) Mixing BoxMixin from meteor-client.mixins.json into net.minecraft.util.math.Box
[18:49:15] [main/DEBUG] (FabricLoader/Mixin) Mixing ProjectileInGroundAccessor from meteor-client.mixins.json into net.minecraft.entity.projectile.PersistentProjectileEntity
[18:49:15] [main/DEBUG] (FabricLoader/Mixin) Mixing ProjectileEntityAccessor from meteor-client.mixins.json into net.minecraft.entity.projectile.ProjectileEntity
[18:49:15] [main/DEBUG] (FabricLoader/Mixin) Mixing ItemStackAccessor from meteor-client.mixins.json into net.minecraft.item.ItemStack
[18:49:15] [main/DEBUG] (FabricLoader/Mixin) Mixing ItemStackMixin from meteor-client.mixins.json into net.minecraft.item.ItemStack
[18:49:15] [main/DEBUG] (FabricLoader/Mixin) meteor-client.mixins.json:ItemStackMixin from mod meteor-client->@Inject::onFinishUsing(Lnet/minecraft/world/World;Lnet/minecraft/entity/LivingEntity;Lorg/spongepowered/asm/mixin/injection/callback/CallbackInfoReturnable;)V doesn't use it's CallbackInfoReturnable
[18:49:15] [main/DEBUG] (FabricLoader/Mixin) meteor-client.mixins.json:ItemStackMixin from mod meteor-client->@Inject::onStoppedUsing(Lnet/minecraft/world/World;Lnet/minecraft/entity/LivingEntity;ILorg/spongepowered/asm/mixin/injection/callback/CallbackInfo;)V doesn't use it's CallbackInfo
[18:49:15] [main/DEBUG] (FabricLoader/Mixin) Mixing ItemMixin from meteor-client.mixins.json into net.minecraft.item.Item
[18:49:15] [main/DEBUG] (FabricLoader/Mixin) meteor-client.mixins.json:ItemMixin from mod meteor-client->@Inject::onTooltipData(Lnet/minecraft/item/ItemStack;Lorg/spongepowered/asm/mixin/injection/callback/CallbackInfoReturnable;)V does use it's CallbackInfoReturnable
[18:49:15] [main/DEBUG] (FabricLoader/Mixin) Mixing BlockItemMixin from meteor-client.mixins.json into net.minecraft.item.BlockItem
[18:49:15] [main/DEBUG] (FabricLoader/Mixin) meteor-client.mixins.json:BlockItemMixin from mod meteor-client->@Inject::onPlace(Lnet/minecraft/item/ItemPlacementContext;Lnet/minecraft/block/BlockState;Lorg/spongepowered/asm/mixin/injection/callback/CallbackInfoReturnable;)V does use it's CallbackInfoReturnable
[18:49:15] [main/DEBUG] (FabricLoader/Mixin) Mixing EntityBucketItemAccessor from meteor-client.mixins.json into net.minecraft.item.EntityBucketItem
[18:49:15] [main/DEBUG] (FabricLoader/Mixin) Mixing BundleItemMixin from meteor-client.mixins.json into net.minecraft.item.BundleItem
[18:49:15] [main/DEBUG] (FabricLoader/Mixin) Mixing TridentItemMixin from meteor-client.mixins.json into net.minecraft.item.TridentItem
[18:49:15] [main/DEBUG] (FabricLoader/Mixin) meteor-client.mixins.json:TridentItemMixin from mod meteor-client->@Inject::onStoppedUsingHead(Lnet/minecraft/item/ItemStack;Lnet/minecraft/world/World;Lnet/minecraft/entity/LivingEntity;ILorg/spongepowered/asm/mixin/injection/callback/CallbackInfo;)V doesn't use it's CallbackInfo
[18:49:15] [main/DEBUG] (FabricLoader/Mixin) meteor-client.mixins.json:TridentItemMixin from mod meteor-client->@Inject::onStoppedUsingHead(Lnet/minecraft/item/ItemStack;Lnet/minecraft/world/World;Lnet/minecraft/entity/LivingEntity;ILorg/spongepowered/asm/mixin/injection/callback/CallbackInfo;)V has 0 override(s) in child classes
[18:49:15] [main/DEBUG] (FabricLoader/Mixin) meteor-client.mixins.json:TridentItemMixin from mod meteor-client->@Inject::onStoppedUsingHead(Lnet/minecraft/item/ItemStack;Lnet/minecraft/world/World;Lnet/minecraft/entity/LivingEntity;ILorg/spongepowered/asm/mixin/injection/callback/CallbackInfo;)V won't be passed a CallbackInfo as a result
[18:49:15] [main/DEBUG] (FabricLoader/Mixin) meteor-client.mixins.json:TridentItemMixin from mod meteor-client->@Inject::onStoppedUsingTail(Lnet/minecraft/item/ItemStack;Lnet/minecraft/world/World;Lnet/minecraft/entity/LivingEntity;ILorg/spongepowered/asm/mixin/injection/callback/CallbackInfo;)V doesn't use it's CallbackInfo
[18:49:15] [main/DEBUG] (FabricLoader/Mixin) meteor-client.mixins.json:TridentItemMixin from mod meteor-client->@Inject::onStoppedUsingTail(Lnet/minecraft/item/ItemStack;Lnet/minecraft/world/World;Lnet/minecraft/entity/LivingEntity;ILorg/spongepowered/asm/mixin/injection/callback/CallbackInfo;)V has 0 override(s) in child classes
[18:49:15] [main/DEBUG] (FabricLoader/Mixin) meteor-client.mixins.json:TridentItemMixin from mod meteor-client->@Inject::onStoppedUsingTail(Lnet/minecraft/item/ItemStack;Lnet/minecraft/world/World;Lnet/minecraft/entity/LivingEntity;ILorg/spongepowered/asm/mixin/injection/callback/CallbackInfo;)V won't be passed a CallbackInfo as a result
[18:49:15] [main/DEBUG] (FabricLoader/Mixin) Mixing CrossbowItemAccessor from meteor-client.mixins.json into net.minecraft.item.CrossbowItem
[18:49:15] [main/DEBUG] (FabricLoader/Mixin) Renaming @Invoker method getSpeed(Lnet/minecraft/component/type/ChargedProjectilesComponent;)F to getSpeed$meteor-client_$md$809e22$0 in meteor-client.mixins.json:CrossbowItemAccessor from mod meteor-client
[18:49:15] [main/DEBUG] (FabricLoader/Mixin) Mixing UnbreakableComponentMixin from meteor-client.mixins.json into net.minecraft.component.type.UnbreakableComponent
[18:49:15] [main/DEBUG] (FabricLoader/Mixin) Mixing ItemEnchantmentsComponentMixin from meteor-client.mixins.json into net.minecraft.component.type.ItemEnchantmentsComponent
[18:49:15] [main/DEBUG] (FabricLoader/Mixin) Mixing DyedColorComponentMixin from meteor-client.mixins.json into net.minecraft.component.type.DyedColorComponent
[18:49:15] [main/DEBUG] (FabricLoader/Mixin) Mixing ArmorTrimMixin from meteor-client.mixins.json into net.minecraft.item.trim.ArmorTrim
[18:49:15] [main/DEBUG] (FabricLoader/Mixin) Mixing ChunkAccessor from meteor-client.mixins.json into net.minecraft.world.chunk.Chunk
[18:49:15] [main/DEBUG] (FabricLoader/Mixin) Mixing WorldChunkMixin from meteor-client.mixins.json into net.minecraft.world.chunk.WorldChunk
[18:49:16] [main/DEBUG] (FabricLoader/Mixin) meteor-client.mixins.json:WorldChunkMixin from mod meteor-client->@Inject::onSetBlockState(Lnet/minecraft/util/math/BlockPos;Lnet/minecraft/block/BlockState;ZLorg/spongepowered/asm/mixin/injection/callback/CallbackInfoReturnable;)V does use it's CallbackInfoReturnable
[18:49:16] [main/DEBUG] (FabricLoader/Mixin) Mixing WorldBorderMixin from meteor-client.mixins.json into net.minecraft.world.border.WorldBorder
[18:49:16] [main/DEBUG] (FabricLoader/Mixin) meteor-client.mixins.json:WorldBorderMixin from mod meteor-client->@Inject::canCollide(Lorg/spongepowered/asm/mixin/injection/callback/CallbackInfoReturnable;)V does use it's CallbackInfoReturnable
[18:49:16] [main/DEBUG] (FabricLoader/Mixin) meteor-client.mixins.json:WorldBorderMixin from mod meteor-client->@Inject::contains(Lorg/spongepowered/asm/mixin/injection/callback/CallbackInfoReturnable;)V does use it's CallbackInfoReturnable
[18:49:16] [main/DEBUG] (FabricLoader/Mixin) Mixing ContainerComponentAccessor from meteor-client.mixins.json into net.minecraft.component.type.ContainerComponent
[18:49:16] [main/DEBUG] (FabricLoader/Mixin) Mixing BlockHitResultAccessor from meteor-client.mixins.json into net.minecraft.util.hit.BlockHitResult
[18:49:16] [main/DEBUG] (FabricLoader/Mixin) Mixing BoatEntityMixin from meteor-client.mixins.json into net.minecraft.entity.vehicle.BoatEntity
[18:49:16] [main/DEBUG] (FabricLoader/Mixin) Mixing AbstractBoatEntity from ametium-addon.mixins.json into net.minecraft.entity.vehicle.BoatEntity
[18:49:16] [main/DEBUG] (FabricLoader/Mixin) meteor-client.mixins.json:BoatEntityMixin from mod meteor-client->@Inject::onTickInvokeMove(Lorg/spongepowered/asm/mixin/injection/callback/CallbackInfo;)V doesn't use it's CallbackInfo
[18:49:16] [main/DEBUG] (FabricLoader/Mixin) meteor-client.mixins.json:BoatEntityMixin from mod meteor-client->@Inject::onTickInvokeMove(Lorg/spongepowered/asm/mixin/injection/callback/CallbackInfo;)V has 0 override(s) in child classes
[18:49:16] [main/DEBUG] (FabricLoader/Mixin) meteor-client.mixins.json:BoatEntityMixin from mod meteor-client->@Inject::onTickInvokeMove(Lorg/spongepowered/asm/mixin/injection/callback/CallbackInfo;)V won't be passed a CallbackInfo as a result
[18:49:16] [main/DEBUG] (FabricLoader/Mixin) ametium-addon.mixins.json:AbstractBoatEntity from mod ametium-addon->@Inject::cancelPaddles(Lorg/spongepowered/asm/mixin/injection/callback/CallbackInfo;)V does use it's CallbackInfo
[18:49:16] [main/DEBUG] (FabricLoader/Mixin) Mixing HorseBaseEntityMixin from meteor-client.mixins.json into net.minecraft.entity.passive.AbstractHorseEntity
[18:49:16] [main/DEBUG] (FabricLoader/Mixin) Mixing FireworkRocketEntityMixin from meteor-client.mixins.json into net.minecraft.entity.projectile.FireworkRocketEntity
[18:49:16] [main/DEBUG] (FabricLoader/Mixin) meteor-client.mixins.json:FireworkRocketEntityMixin from mod meteor-client->@Inject::onTick(Lorg/spongepowered/asm/mixin/injection/callback/CallbackInfo;)V doesn't use it's CallbackInfo
[18:49:16] [main/DEBUG] (FabricLoader/Mixin) meteor-client.mixins.json:FireworkRocketEntityMixin from mod meteor-client->@Inject::onTick(Lorg/spongepowered/asm/mixin/injection/callback/CallbackInfo;)V has 0 override(s) in child classes
[18:49:16] [main/DEBUG] (FabricLoader/Mixin) meteor-client.mixins.json:FireworkRocketEntityMixin from mod meteor-client->@Inject::onTick(Lorg/spongepowered/asm/mixin/injection/callback/CallbackInfo;)V won't be passed a CallbackInfo as a result
[18:49:16] [main/DEBUG] (FabricLoader/Mixin) meteor-client.mixins.json:FireworkRocketEntityMixin from mod meteor-client->@Inject::onEntityHit(Lnet/minecraft/util/hit/EntityHitResult;Lorg/spongepowered/asm/mixin/injection/callback/CallbackInfo;)V does use it's CallbackInfo
[18:49:16] [main/DEBUG] (FabricLoader/Mixin) meteor-client.mixins.json:FireworkRocketEntityMixin from mod meteor-client->@Inject::onBlockHit(Lnet/minecraft/util/hit/BlockHitResult;Lorg/spongepowered/asm/mixin/injection/callback/CallbackInfo;)V does use it's CallbackInfo
[18:49:16] [main/DEBUG] (FabricLoader/Mixin) Mixing FishingBobberEntityMixin from meteor-client.mixins.json into net.minecraft.entity.projectile.FishingBobberEntity
[18:49:16] [main/DEBUG] (FabricLoader/Mixin) Mixing AbstractFurnaceScreenHandlerMixin from meteor-client.mixins.json into net.minecraft.screen.AbstractFurnaceScreenHandler
[18:49:16] [main/DEBUG] (FabricLoader/Mixin) Mixing SlotMixin from meteor-client.mixins.json into net.minecraft.screen.slot.Slot
[18:49:17] [Render thread/DEBUG] (FabricLoader/Mixin) Mixing ShapeIndexBufferAccessor from meteor-client.mixins.json into com.mojang.blaze3d.systems.RenderSystem$ShapeIndexBuffer
[18:49:17] [Render thread/DEBUG] (FabricLoader/Mixin) Mixing MinecraftClientAccessor from meteor-client.mixins.json into net.minecraft.client.MinecraftClient
[18:49:17] [Render thread/DEBUG] (FabricLoader/Mixin) Renaming @Accessor method getFps()I to getFps$meteor-client_$md$809e22$0 in meteor-client.mixins.json:MinecraftClientAccessor from mod meteor-client
[18:49:17] [Render thread/DEBUG] (FabricLoader/Mixin) Mixing MinecraftClientMixin from meteor-client.mixins.json into net.minecraft.client.MinecraftClient
[18:49:17] [Render thread/DEBUG] (FabricLoader/Mixin) Renaming synthetic method lambda$onReloadResourcesNewCompletableFuture$0()V to md809e22$meteor-client$lambda$onReloadResourcesNewCompletableFuture$0$1 in meteor-client.mixins.json:MinecraftClientMixin from mod meteor-client
[18:49:17] [Render thread/DEBUG] (FabricLoader/Mixin) meteor-client.mixins.json:MinecraftClientMixin from mod meteor-client->@Inject::onInit(Lorg/spongepowered/asm/mixin/injection/callback/CallbackInfo;)V doesn't use it's CallbackInfo
[18:49:17] [Render thread/DEBUG] (FabricLoader/Mixin) meteor-client.mixins.json:MinecraftClientMixin from mod meteor-client->@Inject::onInit(Lorg/spongepowered/asm/mixin/injection/callback/CallbackInfo;)V has 0 override(s) in child classes
[18:49:17] [Render thread/DEBUG] (FabricLoader/Mixin) meteor-client.mixins.json:MinecraftClientMixin from mod meteor-client->@Inject::onInit(Lorg/spongepowered/asm/mixin/injection/callback/CallbackInfo;)V won't be passed a CallbackInfo as a result
[18:49:17] [Render thread/DEBUG] (FabricLoader/Mixin) meteor-client.mixins.json:MinecraftClientMixin from mod meteor-client->@Inject::onPreTick(Lorg/spongepowered/asm/mixin/injection/callback/CallbackInfo;)V doesn't use it's CallbackInfo
[18:49:17] [Render thread/DEBUG] (FabricLoader/Mixin) meteor-client.mixins.json:MinecraftClientMixin from mod meteor-client->@Inject::onPreTick(Lorg/spongepowered/asm/mixin/injection/callback/CallbackInfo;)V has 0 override(s) in child classes
[18:49:17] [Render thread/DEBUG] (FabricLoader/Mixin) meteor-client.mixins.json:MinecraftClientMixin from mod meteor-client->@Inject::onPreTick(Lorg/spongepowered/asm/mixin/injection/callback/CallbackInfo;)V won't be passed a CallbackInfo as a result
[18:49:17] [Render thread/DEBUG] (FabricLoader/Mixin) meteor-client.mixins.json:MinecraftClientMixin from mod meteor-client->@Inject::onTick(Lorg/spongepowered/asm/mixin/injection/callback/CallbackInfo;)V doesn't use it's CallbackInfo
[18:49:17] [Render thread/DEBUG] (FabricLoader/Mixin) meteor-client.mixins.json:MinecraftClientMixin from mod meteor-client->@Inject::onTick(Lorg/spongepowered/asm/mixin/injection/callback/CallbackInfo;)V has 0 override(s) in child classes
[18:49:17] [Render thread/DEBUG] (FabricLoader/Mixin) meteor-client.mixins.json:MinecraftClientMixin from mod meteor-client->@Inject::onTick(Lorg/spongepowered/asm/mixin/injection/callback/CallbackInfo;)V won't be passed a CallbackInfo as a result
[18:49:17] [Render thread/DEBUG] (FabricLoader/Mixin) meteor-client.mixins.json:MinecraftClientMixin from mod meteor-client->@Inject::onAttack(Lorg/spongepowered/asm/mixin/injection/callback/CallbackInfoReturnable;)V doesn't use it's CallbackInfoReturnable
[18:49:17] [Render thread/DEBUG] (FabricLoader/Mixin) meteor-client.mixins.json:MinecraftClientMixin from mod meteor-client->@Inject::onAttack(Lorg/spongepowered/asm/mixin/injection/callback/CallbackInfoReturnable;)V has 0 override(s) in child classes
[18:49:17] [Render thread/DEBUG] (FabricLoader/Mixin) meteor-client.mixins.json:MinecraftClientMixin from mod meteor-client->@Inject::onAttack(Lorg/spongepowered/asm/mixin/injection/callback/CallbackInfoReturnable;)V won't be passed a CallbackInfoReturnable as a result
[18:49:17] [Render thread/DEBUG] (FabricLoader/Mixin) meteor-client.mixins.json:MinecraftClientMixin from mod meteor-client->@Inject::onDoItemUse(Lorg/spongepowered/asm/mixin/injection/callback/CallbackInfo;)V doesn't use it's CallbackInfo
[18:49:17] [Render thread/DEBUG] (FabricLoader/Mixin) meteor-client.mixins.json:MinecraftClientMixin from mod meteor-client->@Inject::onDoItemUse(Lorg/spongepowered/asm/mixin/injection/callback/CallbackInfo;)V has 0 override(s) in child classes
[18:49:17] [Render thread/DEBUG] (FabricLoader/Mixin) meteor-client.mixins.json:MinecraftClientMixin from mod meteor-client->@Inject::onDoItemUse(Lorg/spongepowered/asm/mixin/injection/callback/CallbackInfo;)V won't be passed a CallbackInfo as a result
[18:49:17] [Render thread/DEBUG] (FabricLoader/Mixin) meteor-client.mixins.json:MinecraftClientMixin from mod meteor-client->@Inject::onDisconnect(Lnet/minecraft/client/gui/screen/Screen;ZLorg/spongepowered/asm/mixin/injection/callback/CallbackInfo;)V doesn't use it's CallbackInfo
[18:49:17] [Render thread/DEBUG] (FabricLoader/Mixin) meteor-client.mixins.json:MinecraftClientMixin from mod meteor-client->@Inject::onDisconnect(Lnet/minecraft/client/gui/screen/Screen;ZLorg/spongepowered/asm/mixin/injection/callback/CallbackInfo;)V has 0 override(s) in child classes
[18:49:17] [Render thread/DEBUG] (FabricLoader/Mixin) meteor-client.mixins.json:MinecraftClientMixin from mod meteor-client->@Inject::onDisconnect(Lnet/minecraft/client/gui/screen/Screen;ZLorg/spongepowered/asm/mixin/injection/callback/CallbackInfo;)V won't be passed a CallbackInfo as a result
[18:49:17] [Render thread/DEBUG] (FabricLoader/Mixin) meteor-client.mixins.json:MinecraftClientMixin from mod meteor-client->@Inject::onSetScreen(Lnet/minecraft/client/gui/screen/Screen;Lorg/spongepowered/asm/mixin/injection/callback/CallbackInfo;)V does use it's CallbackInfo
[18:49:17] [Render thread/DEBUG] (FabricLoader/Mixin) meteor-client.mixins.json:MinecraftClientMixin from mod meteor-client->@Inject::onDoItemUseHand(Lorg/spongepowered/asm/mixin/injection/callback/CallbackInfo;[Lnet/minecraft/util/Hand;IILnet/minecraft/util/Hand;Lnet/minecraft/item/ItemStack;)V doesn't use it's CallbackInfo
[18:49:17] [Render thread/DEBUG] (FabricLoader/Mixin) meteor-client.mixins.json:MinecraftClientMixin from mod meteor-client->@Inject::onDoItemUseHand(Lorg/spongepowered/asm/mixin/injection/callback/CallbackInfo;[Lnet/minecraft/util/Hand;IILnet/minecraft/util/Hand;Lnet/minecraft/item/ItemStack;)V has 0 override(s) in child classes
[18:49:17] [Render thread/DEBUG] (FabricLoader/Mixin) meteor-client.mixins.json:MinecraftClientMixin from mod meteor-client->@Inject::onDoItemUseHand(Lorg/spongepowered/asm/mixin/injection/callback/CallbackInfo;[Lnet/minecraft/util/Hand;IILnet/minecraft/util/Hand;Lnet/minecraft/item/ItemStack;)V won't be passed a CallbackInfo as a result
[18:49:17] [Render thread/DEBUG] (FabricLoader/Mixin) meteor-client.mixins.json:MinecraftClientMixin from mod meteor-client->@Inject::onResolutionChanged(Lorg/spongepowered/asm/mixin/injection/callback/CallbackInfo;)V doesn't use it's CallbackInfo
[18:49:17] [Render thread/DEBUG] (FabricLoader/Mixin) meteor-client.mixins.json:MinecraftClientMixin from mod meteor-client->@Inject::onResolutionChanged(Lorg/spongepowered/asm/mixin/injection/callback/CallbackInfo;)V has 0 override(s) in child classes
[18:49:17] [Render thread/DEBUG] (FabricLoader/Mixin) meteor-client.mixins.json:MinecraftClientMixin from mod meteor-client->@Inject::onResolutionChanged(Lorg/spongepowered/asm/mixin/injection/callback/CallbackInfo;)V won't be passed a CallbackInfo as a result
[18:49:17] [Render thread/DEBUG] (FabricLoader/Mixin) meteor-client.mixins.json:MinecraftClientMixin from mod meteor-client->@Inject::onGetFramerateLimit(Lorg/spongepowered/asm/mixin/injection/callback/CallbackInfoReturnable;)V does use it's CallbackInfoReturnable
[18:49:17] [Render thread/DEBUG] (FabricLoader/Mixin) meteor-client.mixins.json:MinecraftClientMixin from mod meteor-client->@Inject::onRender(Lorg/spongepowered/asm/mixin/injection/callback/CallbackInfo;)V doesn't use it's CallbackInfo
[18:49:17] [Render thread/DEBUG] (FabricLoader/Mixin) meteor-client.mixins.json:MinecraftClientMixin from mod meteor-client->@Inject::onRender(Lorg/spongepowered/asm/mixin/injection/callback/CallbackInfo;)V has 0 override(s) in child classes
[18:49:17] [Render thread/DEBUG] (FabricLoader/Mixin) meteor-client.mixins.json:MinecraftClientMixin from mod meteor-client->@Inject::onRender(Lorg/spongepowered/asm/mixin/injection/callback/CallbackInfo;)V won't be passed a CallbackInfo as a result
[18:49:17] [Render thread/DEBUG] (FabricLoader/Mixin) meteor-client.mixins.json:MinecraftClientMixin from mod meteor-client->@Inject::handleInputEventsInjectStopUsingItem(Lorg/spongepowered/asm/mixin/injection/callback/CallbackInfo;)V doesn't use it's CallbackInfo
[18:49:17] [Render thread/DEBUG] (FabricLoader/Mixin) meteor-client.mixins.json:MinecraftClientMixin from mod meteor-client->@Inject::handleInputEventsInjectStopUsingItem(Lorg/spongepowered/asm/mixin/injection/callback/CallbackInfo;)V has 0 override(s) in child classes
[18:49:17] [Render thread/DEBUG] (FabricLoader/Mixin) meteor-client.mixins.json:MinecraftClientMixin from mod meteor-client->@Inject::handleInputEventsInjectStopUsingItem(Lorg/spongepowered/asm/mixin/injection/callback/CallbackInfo;)V won't be passed a CallbackInfo as a result
[18:49:17] [Render thread/DEBUG] (FabricLoader/Mixin) Mixing SplashOverlayMixin from ametium-addon.mixins.json into net.minecraft.client.gui.screen.SplashOverlay
[18:49:17] [Render thread/DEBUG] (FabricLoader/Mixin) ametium-addon.mixins.json:SplashOverlayMixin from mod ametium-addon->@Inject::ametium$overlaySplash(Lnet/minecraft/client/gui/DrawContext;IIFLorg/spongepowered/asm/mixin/injection/callback/CallbackInfo;)V doesn't use it's CallbackInfo
[18:49:17] [Render thread/DEBUG] (FabricLoader/Mixin) ametium-addon.mixins.json:SplashOverlayMixin from mod ametium-addon->@Inject::ametium$overlaySplash(Lnet/minecraft/client/gui/DrawContext;IIFLorg/spongepowered/asm/mixin/injection/callback/CallbackInfo;)V has 0 override(s) in child classes
[18:49:17] [Render thread/DEBUG] (FabricLoader/Mixin) ametium-addon.mixins.json:SplashOverlayMixin from mod ametium-addon->@Inject::ametium$overlaySplash(Lnet/minecraft/client/gui/DrawContext;IIFLorg/spongepowered/asm/mixin/injection/callback/CallbackInfo;)V won't be passed a CallbackInfo as a result
[18:49:17] [Render thread/DEBUG] (FabricLoader/Mixin) Mixing TitleScreenMixin from meteor-client.mixins.json into net.minecraft.client.gui.screen.TitleScreen
[18:49:17] [Render thread/DEBUG] (FabricLoader/Mixin) Renaming synthetic method lambda$onRenderIdkDude$3()V to md809e22$meteor-client$lambda$onRenderIdkDude$3$0 in meteor-client.mixins.json:TitleScreenMixin from mod meteor-client
[18:49:17] [Render thread/DEBUG] (FabricLoader/Mixin) Renaming synthetic method lambda$onRenderIdkDude$2()V to md809e22$meteor-client$lambda$onRenderIdkDude$2$1 in meteor-client.mixins.json:TitleScreenMixin from mod meteor-client
[18:49:17] [Render thread/DEBUG] (FabricLoader/Mixin) Renaming synthetic method lambda$onRenderIdkDude$1()V to md809e22$meteor-client$lambda$onRenderIdkDude$1$2 in meteor-client.mixins.json:TitleScreenMixin from mod meteor-client
[18:49:17] [Render thread/DEBUG] (FabricLoader/Mixin) Renaming synthetic method lambda$onRenderIdkDude$0(Ljava/lang/Exception;)V to md809e22$meteor-client$lambda$onRenderIdkDude$0$3 in meteor-client.mixins.json:TitleScreenMixin from mod meteor-client
[18:49:17] [Render thread/DEBUG] (FabricLoader/Mixin) meteor-client.mixins.json:TitleScreenMixin from mod meteor-client->@Inject::onRenderIdkDude(Lnet/minecraft/client/gui/DrawContext;IIFLorg/spongepowered/asm/mixin/injection/callback/CallbackInfo;)V doesn't use it's CallbackInfo
[18:49:17] [Render thread/DEBUG] (FabricLoader/Mixin) meteor-client.mixins.json:TitleScreenMixin from mod meteor-client->@Inject::onRenderIdkDude(Lnet/minecraft/client/gui/DrawContext;IIFLorg/spongepowered/asm/mixin/injection/callback/CallbackInfo;)V has 0 override(s) in child classes
[18:49:17] [Render thread/DEBUG] (FabricLoader/Mixin) meteor-client.mixins.json:TitleScreenMixin from mod meteor-client->@Inject::onRenderIdkDude(Lnet/minecraft/client/gui/DrawContext;IIFLorg/spongepowered/asm/mixin/injection/callback/CallbackInfo;)V won't be passed a CallbackInfo as a result
[18:49:17] [Render thread/DEBUG] (FabricLoader/Mixin) meteor-client.mixins.json:TitleScreenMixin from mod meteor-client->@Inject::onRender(Lnet/minecraft/client/gui/DrawContext;IIFLorg/spongepowered/asm/mixin/injection/callback/CallbackInfo;)V doesn't use it's CallbackInfo
[18:49:17] [Render thread/DEBUG] (FabricLoader/Mixin) meteor-client.mixins.json:TitleScreenMixin from mod meteor-client->@Inject::onRender(Lnet/minecraft/client/gui/DrawContext;IIFLorg/spongepowered/asm/mixin/injection/callback/CallbackInfo;)V has 0 override(s) in child classes
[18:49:17] [Render thread/DEBUG] (FabricLoader/Mixin) meteor-client.mixins.json:TitleScreenMixin from mod meteor-client->@Inject::onRender(Lnet/minecraft/client/gui/DrawContext;IIFLorg/spongepowered/asm/mixin/injection/callback/CallbackInfo;)V won't be passed a CallbackInfo as a result
[18:49:17] [Render thread/DEBUG] (FabricLoader/Mixin) meteor-client.mixins.json:TitleScreenMixin from mod meteor-client->@Inject::onMouseClicked(DDILorg/spongepowered/asm/mixin/injection/callback/CallbackInfoReturnable;)V does use it's CallbackInfoReturnable
[18:49:17] [Render thread/DEBUG] (FabricLoader/Mixin) Mixing ClientPlayerEntityAccessor from meteor-client.mixins.json into net.minecraft.client.network.ClientPlayerEntity
[18:49:17] [Render thread/DEBUG] (FabricLoader/Mixin) Mixing ClientPlayerEntityMixin from meteor-client.mixins.json into net.minecraft.client.network.ClientPlayerEntity
[18:49:17] [Render thread/DEBUG] (FabricLoader/Mixin) meteor-client.mixins.json:ClientPlayerEntityMixin from mod meteor-client->@Inject::onDropSelectedItem(ZLorg/spongepowered/asm/mixin/injection/callback/CallbackInfoReturnable;)V does use it's CallbackInfoReturnable
[18:49:17] [Render thread/DEBUG] (FabricLoader/Mixin) meteor-client.mixins.json:ClientPlayerEntityMixin from mod meteor-client->@Inject::onIsSneaking(Lorg/spongepowered/asm/mixin/injection/callback/CallbackInfoReturnable;)V does use it's CallbackInfoReturnable
[18:49:17] [Render thread/DEBUG] (FabricLoader/Mixin) meteor-client.mixins.json:ClientPlayerEntityMixin from mod meteor-client->@Inject::onShouldSlowDown(Lorg/spongepowered/asm/mixin/injection/callback/CallbackInfoReturnable;)V does use it's CallbackInfoReturnable
[18:49:17] [Render thread/DEBUG] (FabricLoader/Mixin) meteor-client.mixins.json:ClientPlayerEntityMixin from mod meteor-client->@Inject::onPushOutOfBlocks(DDLorg/spongepowered/asm/mixin/injection/callback/CallbackInfo;)V does use it's CallbackInfo
[18:49:17] [Render thread/DEBUG] (FabricLoader/Mixin) meteor-client.mixins.json:ClientPlayerEntityMixin from mod meteor-client->@Inject::onDamage(Lnet/minecraft/entity/damage/DamageSource;FLorg/spongepowered/asm/mixin/injection/callback/CallbackInfoReturnable;)V doesn't use it's CallbackInfoReturnable
[18:49:17] [Render thread/DEBUG] (FabricLoader/Mixin) meteor-client.mixins.json:ClientPlayerEntityMixin from mod meteor-client->@Inject::onDamage(Lnet/minecraft/entity/damage/DamageSource;FLorg/spongepowered/asm/mixin/injection/callback/CallbackInfoReturnable;)V has 0 override(s) in child classes
[18:49:17] [Render thread/DEBUG] (FabricLoader/Mixin) meteor-client.mixins.json:ClientPlayerEntityMixin from mod meteor-client->@Inject::onDamage(Lnet/minecraft/entity/damage/DamageSource;FLorg/spongepowered/asm/mixin/injection/callback/CallbackInfoReturnable;)V won't be passed a CallbackInfoReturnable as a result
[18:49:17] [Render thread/DEBUG] (FabricLoader/Mixin) meteor-client.mixins.json:ClientPlayerEntityMixin from mod meteor-client->@Inject::preTickMovement(Lorg/spongepowered/asm/mixin/injection/callback/CallbackInfo;)V doesn't use it's CallbackInfo
[18:49:17] [Render thread/DEBUG] (FabricLoader/Mixin) meteor-client.mixins.json:ClientPlayerEntityMixin from mod meteor-client->@Inject::preTickMovement(Lorg/spongepowered/asm/mixin/injection/callback/CallbackInfo;)V has 0 override(s) in child classes
[18:49:17] [Render thread/DEBUG] (FabricLoader/Mixin) meteor-client.mixins.json:ClientPlayerEntityMixin from mod meteor-client->@Inject::preTickMovement(Lorg/spongepowered/asm/mixin/injection/callback/CallbackInfo;)V won't be passed a CallbackInfo as a result
[18:49:17] [Render thread/DEBUG] (FabricLoader/Mixin) meteor-client.mixins.json:ClientPlayerEntityMixin from mod meteor-client->@Inject::onSendMovementPacketsHead(Lorg/spongepowered/asm/mixin/injection/callback/CallbackInfo;)V doesn't use it's CallbackInfo
[18:49:17] [Render thread/DEBUG] (FabricLoader/Mixin) meteor-client.mixins.json:ClientPlayerEntityMixin from mod meteor-client->@Inject::onSendMovementPacketsHead(Lorg/spongepowered/asm/mixin/injection/callback/CallbackInfo;)V has 0 override(s) in child classes
[18:49:17] [Render thread/DEBUG] (FabricLoader/Mixin) meteor-client.mixins.json:ClientPlayerEntityMixin from mod meteor-client->@Inject::onSendMovementPacketsHead(Lorg/spongepowered/asm/mixin/injection/callback/CallbackInfo;)V won't be passed a CallbackInfo as a result
[18:49:17] [Render thread/DEBUG] (FabricLoader/Mixin) meteor-client.mixins.json:ClientPlayerEntityMixin from mod meteor-client->@Inject::onTickHasVehicleBeforeSendPackets(Lorg/spongepowered/asm/mixin/injection/callback/CallbackInfo;)V doesn't use it's CallbackInfo
[18:49:17] [Render thread/DEBUG] (FabricLoader/Mixin) meteor-client.mixins.json:ClientPlayerEntityMixin from mod meteor-client->@Inject::onTickHasVehicleBeforeSendPackets(Lorg/spongepowered/asm/mixin/injection/callback/CallbackInfo;)V has 0 override(s) in child classes
[18:49:17] [Render thread/DEBUG] (FabricLoader/Mixin) meteor-client.mixins.json:ClientPlayerEntityMixin from mod meteor-client->@Inject::onTickHasVehicleBeforeSendPackets(Lorg/spongepowered/asm/mixin/injection/callback/CallbackInfo;)V won't be passed a CallbackInfo as a result
[18:49:17] [Render thread/DEBUG] (FabricLoader/Mixin) meteor-client.mixins.json:ClientPlayerEntityMixin from mod meteor-client->@Inject::onSendMovementPacketsTail(Lorg/spongepowered/asm/mixin/injection/callback/CallbackInfo;)V doesn't use it's CallbackInfo
[18:49:17] [Render thread/DEBUG] (FabricLoader/Mixin) meteor-client.mixins.json:ClientPlayerEntityMixin from mod meteor-client->@Inject::onSendMovementPacketsTail(Lorg/spongepowered/asm/mixin/injection/callback/CallbackInfo;)V has 0 override(s) in child classes
[18:49:17] [Render thread/DEBUG] (FabricLoader/Mixin) meteor-client.mixins.json:ClientPlayerEntityMixin from mod meteor-client->@Inject::onSendMovementPacketsTail(Lorg/spongepowered/asm/mixin/injection/callback/CallbackInfo;)V won't be passed a CallbackInfo as a result
[18:49:17] [Render thread/DEBUG] (FabricLoader/Mixin) meteor-client.mixins.json:ClientPlayerEntityMixin from mod meteor-client->@Inject::onTickHasVehicleAfterSendPackets(Lorg/spongepowered/asm/mixin/injection/callback/CallbackInfo;)V doesn't use it's CallbackInfo
[18:49:17] [Render thread/DEBUG] (FabricLoader/Mixin) meteor-client.mixins.json:ClientPlayerEntityMixin from mod meteor-client->@Inject::onTickHasVehicleAfterSendPackets(Lorg/spongepowered/asm/mixin/injection/callback/CallbackInfo;)V has 0 override(s) in child classes
[18:49:17] [Render thread/DEBUG] (FabricLoader/Mixin) meteor-client.mixins.json:ClientPlayerEntityMixin from mod meteor-client->@Inject::onTickHasVehicleAfterSendPackets(Lorg/spongepowered/asm/mixin/injection/callback/CallbackInfo;)V won't be passed a CallbackInfo as a result
[18:49:17] [Render thread/DEBUG] (FabricLoader/Mixin) Mixing AbstractClientPlayerEntityMixin from meteor-client.mixins.json into net.minecraft.client.network.AbstractClientPlayerEntity
[18:49:17] [Render thread/DEBUG] (FabricLoader/Mixin) meteor-client.mixins.json:AbstractClientPlayerEntityMixin from mod meteor-client->@Inject::onGetPlayerListEntry(Lorg/spongepowered/asm/mixin/injection/callback/CallbackInfoReturnable;)V does use it's CallbackInfoReturnable
[18:49:17] [Render thread/DEBUG] (FabricLoader/Mixin) meteor-client.mixins.json:AbstractClientPlayerEntityMixin from mod meteor-client->@Inject::onIsSpectator(Lorg/spongepowered/asm/mixin/injection/callback/CallbackInfoReturnable;)V does use it's CallbackInfoReturnable
[18:49:17] [Render thread/DEBUG] (FabricLoader/Mixin) meteor-client.mixins.json:AbstractClientPlayerEntityMixin from mod meteor-client->@Inject::onIsCreative(Lorg/spongepowered/asm/mixin/injection/callback/CallbackInfoReturnable;)V does use it's CallbackInfoReturnable
[18:49:17] [Render thread/DEBUG] (FabricLoader/Mixin) Mixing HandledScreenAccessor from meteor-client.mixins.json into net.minecraft.client.gui.screen.ingame.HandledScreen
[18:49:17] [Render thread/DEBUG] (FabricLoader/Mixin) Mixing HandledScreenMixin from meteor-client.mixins.json into net.minecraft.client.gui.screen.ingame.HandledScreen
[18:49:17] [Render thread/DEBUG] (FabricLoader/Mixin) Renaming synthetic method lambda$onInit$1(Lmeteordevelopment/meteorclient/systems/modules/misc/InventoryTweaks;Lnet/minecraft/client/gui/widget/ButtonWidget;)V to md809e22$meteor-client$lambda$onInit$1$0 in meteor-client.mixins.json:HandledScreenMixin from mod meteor-client
[18:49:17] [Render thread/DEBUG] (FabricLoader/Mixin) Renaming synthetic method lambda$onInit$0(Lmeteordevelopment/meteorclient/systems/modules/misc/InventoryTweaks;Lnet/minecraft/client/gui/widget/ButtonWidget;)V to md809e22$meteor-client$lambda$onInit$0$1 in meteor-client.mixins.json:HandledScreenMixin from mod meteor-client
[18:49:17] [Render thread/DEBUG] (FabricLoader/Mixin) Mixing ContainerButtonsMixin from ametium-addon.mixins.json into net.minecraft.client.gui.screen.ingame.HandledScreen
[18:49:17] [Render thread/DEBUG] (FabricLoader/Mixin) Renaming synthetic method lambda$addButton$7(Ljava/lang/Runnable;Lnet/minecraft/client/gui/widget/ButtonWidget;)V to md809e22$ametium-addon$lambda$addButton$7$2 in ametium-addon.mixins.json:ContainerButtonsMixin from mod ametium-addon
[18:49:17] [Render thread/DEBUG] (FabricLoader/Mixin) Renaming synthetic method lambda$onInit$6(Lmeteordevelopment/meteorclient/systems/modules/Module;)V to md809e22$ametium-addon$lambda$onInit$6$3 in ametium-addon.mixins.json:ContainerButtonsMixin from mod ametium-addon
[18:49:17] [Render thread/DEBUG] (FabricLoader/Mixin) Renaming synthetic method lambda$onInit$5(Lmeteordevelopment/meteorclient/systems/modules/Module;)V to md809e22$ametium-addon$lambda$onInit$5$4 in ametium-addon.mixins.json:ContainerButtonsMixin from mod ametium-addon
[18:49:17] [Render thread/DEBUG] (FabricLoader/Mixin) Renaming synthetic method lambda$onInit$4(Lmeteordevelopment/meteorclient/systems/modules/Module;)V to md809e22$ametium-addon$lambda$onInit$4$5 in ametium-addon.mixins.json:ContainerButtonsMixin from mod ametium-addon
[18:49:17] [Render thread/DEBUG] (FabricLoader/Mixin) Renaming synthetic method lambda$onInit$3(Lmeteordevelopment/meteorclient/systems/modules/Module;)V to md809e22$ametium-addon$lambda$onInit$3$6 in ametium-addon.mixins.json:ContainerButtonsMixin from mod ametium-addon
[18:49:17] [Render thread/DEBUG] (FabricLoader/Mixin) Renaming synthetic method lambda$onInit$2(Lmeteordevelopment/meteorclient/systems/modules/Module;)V to md809e22$ametium-addon$lambda$onInit$2$7 in ametium-addon.mixins.json:ContainerButtonsMixin from mod ametium-addon
[18:49:17] [Render thread/DEBUG] (FabricLoader/Mixin) Renaming synthetic method lambda$onInit$1(Lmeteordevelopment/meteorclient/systems/modules/Module;)V to md809e22$ametium-addon$lambda$onInit$1$8 in ametium-addon.mixins.json:ContainerButtonsMixin from mod ametium-addon
[18:49:17] [Render thread/DEBUG] (FabricLoader/Mixin) Renaming synthetic method lambda$onInit$0(Lmeteordevelopment/meteorclient/systems/modules/Module;)V to md809e22$ametium-addon$lambda$onInit$0$9 in ametium-addon.mixins.json:ContainerButtonsMixin from mod ametium-addon
[18:49:17] [Render thread/DEBUG] (FabricLoader/Mixin) meteor-client.mixins.json:HandledScreenMixin from mod meteor-client->@Inject::onInit(Lorg/spongepowered/asm/mixin/injection/callback/CallbackInfo;)V doesn't use it's CallbackInfo
[18:49:17] [Render thread/DEBUG] (FabricLoader/Mixin) meteor-client.mixins.json:HandledScreenMixin from mod meteor-client->@Inject::onInit(Lorg/spongepowered/asm/mixin/injection/callback/CallbackInfo;)V has 0 override(s) in child classes
[18:49:17] [Render thread/DEBUG] (FabricLoader/Mixin) meteor-client.mixins.json:HandledScreenMixin from mod meteor-client->@Inject::onInit(Lorg/spongepowered/asm/mixin/injection/callback/CallbackInfo;)V won't be passed a CallbackInfo as a result
[18:49:17] [Render thread/DEBUG] (FabricLoader/Mixin) meteor-client.mixins.json:HandledScreenMixin from mod meteor-client->@Inject::onMouseDragged(DDIDDLorg/spongepowered/asm/mixin/injection/callback/CallbackInfoReturnable;)V doesn't use it's CallbackInfoReturnable
[18:49:17] [Render thread/DEBUG] (FabricLoader/Mixin) meteor-client.mixins.json:HandledScreenMixin from mod meteor-client->@Inject::onMouseDragged(DDIDDLorg/spongepowered/asm/mixin/injection/callback/CallbackInfoReturnable;)V has 0 override(s) in child classes
[18:49:17] [Render thread/DEBUG] (FabricLoader/Mixin) meteor-client.mixins.json:HandledScreenMixin from mod meteor-client->@Inject::onMouseDragged(DDIDDLorg/spongepowered/asm/mixin/injection/callback/CallbackInfoReturnable;)V won't be passed a CallbackInfoReturnable as a result
[18:49:17] [Render thread/DEBUG] (FabricLoader/Mixin) meteor-client.mixins.json:HandledScreenMixin from mod meteor-client->@Inject::mouseClicked(DDILorg/spongepowered/asm/mixin/injection/callback/CallbackInfoReturnable;)V does use it's CallbackInfoReturnable
[18:49:17] [Render thread/DEBUG] (FabricLoader/Mixin) meteor-client.mixins.json:HandledScreenMixin from mod meteor-client->@Inject::onDrawSlot(Lnet/minecraft/client/gui/DrawContext;Lnet/minecraft/screen/slot/Slot;Lorg/spongepowered/asm/mixin/injection/callback/CallbackInfo;)V doesn't use it's CallbackInfo
[18:49:17] [Render thread/DEBUG] (FabricLoader/Mixin) meteor-client.mixins.json:HandledScreenMixin from mod meteor-client->@Inject::onDrawSlot(Lnet/minecraft/client/gui/DrawContext;Lnet/minecraft/screen/slot/Slot;Lorg/spongepowered/asm/mixin/injection/callback/CallbackInfo;)V has 0 override(s) in child classes
[18:49:17] [Render thread/DEBUG] (FabricLoader/Mixin) meteor-client.mixins.json:HandledScreenMixin from mod meteor-client->@Inject::onDrawSlot(Lnet/minecraft/client/gui/DrawContext;Lnet/minecraft/screen/slot/Slot;Lorg/spongepowered/asm/mixin/injection/callback/CallbackInfo;)V won't be passed a CallbackInfo as a result
[18:49:17] [Render thread/DEBUG] (FabricLoader/Mixin) ametium-addon.mixins.json:ContainerButtonsMixin from mod ametium-addon->@Inject::onInit(Lorg/spongepowered/asm/mixin/injection/callback/CallbackInfo;)V doesn't use it's CallbackInfo
[18:49:17] [Render thread/DEBUG] (FabricLoader/Mixin) ametium-addon.mixins.json:ContainerButtonsMixin from mod ametium-addon->@Inject::onInit(Lorg/spongepowered/asm/mixin/injection/callback/CallbackInfo;)V has 0 override(s) in child classes
[18:49:17] [Render thread/DEBUG] (FabricLoader/Mixin) ametium-addon.mixins.json:ContainerButtonsMixin from mod ametium-addon->@Inject::onInit(Lorg/spongepowered/asm/mixin/injection/callback/CallbackInfo;)V won't be passed a CallbackInfo as a result
[18:49:17] [Render thread/DEBUG] (FabricLoader/Mixin) ametium-addon.mixins.json:ContainerButtonsMixin from mod ametium-addon->@Inject::onRender(Lnet/minecraft/client/gui/DrawContext;IIFLorg/spongepowered/asm/mixin/injection/callback/CallbackInfo;)V doesn't use it's CallbackInfo
[18:49:17] [Render thread/DEBUG] (FabricLoader/Mixin) ametium-addon.mixins.json:ContainerButtonsMixin from mod ametium-addon->@Inject::onRender(Lnet/minecraft/client/gui/DrawContext;IIFLorg/spongepowered/asm/mixin/injection/callback/CallbackInfo;)V has 0 override(s) in child classes
[18:49:17] [Render thread/DEBUG] (FabricLoader/Mixin) ametium-addon.mixins.json:ContainerButtonsMixin from mod ametium-addon->@Inject::onRender(Lnet/minecraft/client/gui/DrawContext;IIFLorg/spongepowered/asm/mixin/injection/callback/CallbackInfo;)V won't be passed a CallbackInfo as a result
[18:49:17] [Render thread/DEBUG] (FabricLoader/Mixin) Mixing ClientWorldMixin from meteor-client.mixins.json into net.minecraft.client.world.ClientWorld
[18:49:17] [Render thread/DEBUG] (FabricLoader/Mixin) meteor-client.mixins.json:ClientWorldMixin from mod meteor-client->@Inject::onAddEntity(Lnet/minecraft/entity/Entity;Lorg/spongepowered/asm/mixin/injection/callback/CallbackInfo;)V doesn't use it's CallbackInfo
[18:49:17] [Render thread/DEBUG] (FabricLoader/Mixin) meteor-client.mixins.json:ClientWorldMixin from mod meteor-client->@Inject::onAddEntity(Lnet/minecraft/entity/Entity;Lorg/spongepowered/asm/mixin/injection/callback/CallbackInfo;)V has 0 override(s) in child classes
[18:49:17] [Render thread/DEBUG] (FabricLoader/Mixin) meteor-client.mixins.json:ClientWorldMixin from mod meteor-client->@Inject::onAddEntity(Lnet/minecraft/entity/Entity;Lorg/spongepowered/asm/mixin/injection/callback/CallbackInfo;)V won't be passed a CallbackInfo as a result
[18:49:17] [Render thread/DEBUG] (FabricLoader/Mixin) meteor-client.mixins.json:ClientWorldMixin from mod meteor-client->@Inject::onRemoveEntity(ILnet/minecraft/entity/Entity$RemovalReason;Lorg/spongepowered/asm/mixin/injection/callback/CallbackInfo;)V doesn't use it's CallbackInfo
[18:49:17] [Render thread/DEBUG] (FabricLoader/Mixin) meteor-client.mixins.json:ClientWorldMixin from mod meteor-client->@Inject::onRemoveEntity(ILnet/minecraft/entity/Entity$RemovalReason;Lorg/spongepowered/asm/mixin/injection/callback/CallbackInfo;)V has 0 override(s) in child classes
[18:49:17] [Render thread/DEBUG] (FabricLoader/Mixin) meteor-client.mixins.json:ClientWorldMixin from mod meteor-client->@Inject::onRemoveEntity(ILnet/minecraft/entity/Entity$RemovalReason;Lorg/spongepowered/asm/mixin/injection/callback/CallbackInfo;)V won't be passed a CallbackInfo as a result
[18:49:17] [Render thread/DEBUG] (FabricLoader/Mixin) meteor-client.mixins.json:ClientWorldMixin from mod meteor-client->@Inject::onGetSkyProperties(Lorg/spongepowered/asm/mixin/injection/callback/CallbackInfoReturnable;)V does use it's CallbackInfoReturnable
[18:49:17] [Render thread/DEBUG] (FabricLoader/Mixin) meteor-client.mixins.json:ClientWorldMixin from mod meteor-client->@Inject::onGetSkyColor(Lnet/minecraft/util/math/Vec3d;FLorg/spongepowered/asm/mixin/injection/callback/CallbackInfoReturnable;)V does use it's CallbackInfoReturnable
[18:49:17] [Render thread/DEBUG] (FabricLoader/Mixin) meteor-client.mixins.json:ClientWorldMixin from mod meteor-client->@Inject::onGetCloudsColor(FLorg/spongepowered/asm/mixin/injection/callback/CallbackInfoReturnable;)V does use it's CallbackInfoReturnable
[18:49:17] [Render thread/DEBUG] (FabricLoader/Mixin) ArgsClassGenerator assigning org.spongepowered.asm.synthetic.args.Args$2 for descriptor (IIIILnet/minecraft/util/math/random/Random;Lnet/minecraft/block/Block;Lnet/minecraft/util/math/BlockPos$Mutable;)V
[18:49:17] [Render thread/DEBUG] (FabricLoader/Mixin) Mixing RenderTickCounterDynamicMixin from meteor-client.mixins.json into net.minecraft.client.render.RenderTickCounter$Dynamic
[18:49:17] [Render thread/DEBUG] (FabricLoader/Mixin) meteor-client.mixins.json:RenderTickCounterDynamicMixin from mod meteor-client->@Inject::onBeingRenderTick(JLorg/spongepowered/asm/mixin/injection/callback/CallbackInfoReturnable;)V doesn't use it's CallbackInfoReturnable
[18:49:17] [Render thread/DEBUG] (FabricLoader/Mixin) meteor-client.mixins.json:RenderTickCounterDynamicMixin from mod meteor-client->@Inject::onBeingRenderTick(JLorg/spongepowered/asm/mixin/injection/callback/CallbackInfoReturnable;)V has 0 override(s) in child classes
[18:49:17] [Render thread/DEBUG] (FabricLoader/Mixin) meteor-client.mixins.json:RenderTickCounterDynamicMixin from mod meteor-client->@Inject::onBeingRenderTick(JLorg/spongepowered/asm/mixin/injection/callback/CallbackInfoReturnable;)V won't be passed a CallbackInfoReturnable as a result
[18:49:17] [Render thread/DEBUG] (FabricLoader/Mixin) Mixing ResourceReloadLoggerAccessor from meteor-client.mixins.json into net.minecraft.client.resource.ResourceReloadLogger
[18:49:17] [Render thread/DEBUG] (FabricLoader/Mixin) Mixing VanillaResourcePackProviderMixin from fabric-resource-loader-v0.client.mixins.json into net.minecraft.resource.VanillaResourcePackProvider
[18:49:17] [Render thread/DEBUG] (FabricLoader/Mixin) fabric-resource-loader-v0.client.mixins.json:VanillaResourcePackProviderMixin from mod fabric-resource-loader-v0: Class version 65 required is higher than the class version supported by the current version of Mixin (JAVA_17 supports class version 61)
[18:49:17] [Render thread/DEBUG] (FabricLoader/Mixin) fabric-resource-loader-v0.client.mixins.json:VanillaResourcePackProviderMixin from mod fabric-resource-loader-v0->@Inject::addBuiltinResourcePacks(Ljava/util/function/Consumer;Lorg/spongepowered/asm/mixin/injection/callback/CallbackInfo;)V doesn't use it's CallbackInfo
[18:49:17] [Render thread/DEBUG] (FabricLoader/Mixin) fabric-resource-loader-v0.client.mixins.json:VanillaResourcePackProviderMixin from mod fabric-resource-loader-v0->@Inject::addBuiltinResourcePacks(Ljava/util/function/Consumer;Lorg/spongepowered/asm/mixin/injection/callback/CallbackInfo;)V has 0 override(s) in child classes
[18:49:17] [Render thread/DEBUG] (FabricLoader/Mixin) fabric-resource-loader-v0.client.mixins.json:VanillaResourcePackProviderMixin from mod fabric-resource-loader-v0->@Inject::addBuiltinResourcePacks(Ljava/util/function/Consumer;Lorg/spongepowered/asm/mixin/injection/callback/CallbackInfo;)V won't be passed a CallbackInfo as a result
[18:49:17] [Render thread/DEBUG] (FabricLoader/Mixin) Mixing ServerResourcePackLoaderMixin from meteor-client.mixins.json into net.minecraft.client.resource.server.ServerResourcePackLoader
[18:49:17] [Render thread/DEBUG] (FabricLoader/Mixin) meteor-client.mixins.json:ServerResourcePackLoaderMixin from mod meteor-client->@Inject::removeInactivePacksTail(Lorg/spongepowered/asm/mixin/injection/callback/CallbackInfo;)V doesn't use it's CallbackInfo
[18:49:17] [Render thread/DEBUG] (FabricLoader/Mixin) meteor-client.mixins.json:ServerResourcePackLoaderMixin from mod meteor-client->@Inject::removeInactivePacksTail(Lorg/spongepowered/asm/mixin/injection/callback/CallbackInfo;)V has 0 override(s) in child classes
[18:49:17] [Render thread/DEBUG] (FabricLoader/Mixin) meteor-client.mixins.json:ServerResourcePackLoaderMixin from mod meteor-client->@Inject::removeInactivePacksTail(Lorg/spongepowered/asm/mixin/injection/callback/CallbackInfo;)V won't be passed a CallbackInfo as a result
[18:49:17] [Render thread/DEBUG] (FabricLoader/Mixin) Mixing ResourcePackManagerMixin from fabric-resource-loader-v0.mixins.json into net.minecraft.resource.ResourcePackManager
[18:49:17] [Render thread/DEBUG] (FabricLoader/Mixin) fabric-resource-loader-v0.mixins.json:ResourcePackManagerMixin from mod fabric-resource-loader-v0: Class version 65 required is higher than the class version supported by the current version of Mixin (JAVA_17 supports class version 61)
[18:49:17] [Render thread/DEBUG] (FabricLoader/Mixin) Renaming synthetic method lambda$handleAutoDisable$0(Ljava/util/Set;Lnet/minecraft/resource/ResourcePackProfile;)Z to md809e22$fabric-resource-loader-v0$lambda$handleAutoDisable$0$0 in fabric-resource-loader-v0.mixins.json:ResourcePackManagerMixin from mod fabric-resource-loader-v0
[18:49:17] [Render thread/DEBUG] (FabricLoader/Mixin) fabric-resource-loader-v0.mixins.json:ResourcePackManagerMixin from mod fabric-resource-loader-v0->@Inject::construct([Lnet/minecraft/resource/ResourcePackProvider;Lorg/spongepowered/asm/mixin/injection/callback/CallbackInfo;)V doesn't use it's CallbackInfo
[18:49:17] [Render thread/DEBUG] (FabricLoader/Mixin) fabric-resource-loader-v0.mixins.json:ResourcePackManagerMixin from mod fabric-resource-loader-v0->@Inject::construct([Lnet/minecraft/resource/ResourcePackProvider;Lorg/spongepowered/asm/mixin/injection/callback/CallbackInfo;)V has 0 override(s) in child classes
[18:49:17] [Render thread/DEBUG] (FabricLoader/Mixin) fabric-resource-loader-v0.mixins.json:ResourcePackManagerMixin from mod fabric-resource-loader-v0->@Inject::construct([Lnet/minecraft/resource/ResourcePackProvider;Lorg/spongepowered/asm/mixin/injection/callback/CallbackInfo;)V won't be passed a CallbackInfo as a result
[18:49:17] [Render thread/DEBUG] (FabricLoader/Mixin) fabric-resource-loader-v0.mixins.json:ResourcePackManagerMixin from mod fabric-resource-loader-v0->@Inject::handleAutoEnableDisable(Ljava/util/Collection;Lorg/spongepowered/asm/mixin/injection/callback/CallbackInfoReturnable;)V doesn't use it's CallbackInfoReturnable
[18:49:17] [Render thread/DEBUG] (FabricLoader/Mixin) fabric-resource-loader-v0.mixins.json:ResourcePackManagerMixin from mod fabric-resource-loader-v0->@Inject::handleAutoEnableDisable(Ljava/util/Collection;Lorg/spongepowered/asm/mixin/injection/callback/CallbackInfoReturnable;)V has 0 override(s) in child classes
[18:49:17] [Render thread/DEBUG] (FabricLoader/Mixin) fabric-resource-loader-v0.mixins.json:ResourcePackManagerMixin from mod fabric-resource-loader-v0->@Inject::handleAutoEnableDisable(Ljava/util/Collection;Lorg/spongepowered/asm/mixin/injection/callback/CallbackInfoReturnable;)V won't be passed a CallbackInfoReturnable as a result
[18:49:17] [Render thread/DEBUG] (FabricLoader/Mixin) fabric-resource-loader-v0.mixins.json:ResourcePackManagerMixin from mod fabric-resource-loader-v0->@Inject::handleAutoEnable(Ljava/lang/String;Lorg/spongepowered/asm/mixin/injection/callback/CallbackInfoReturnable;)V doesn't use it's CallbackInfoReturnable
[18:49:17] [Render thread/DEBUG] (FabricLoader/Mixin) fabric-resource-loader-v0.mixins.json:ResourcePackManagerMixin from mod fabric-resource-loader-v0->@Inject::handleAutoEnable(Ljava/lang/String;Lorg/spongepowered/asm/mixin/injection/callback/CallbackInfoReturnable;)V has 0 override(s) in child classes
[18:49:17] [Render thread/DEBUG] (FabricLoader/Mixin) fabric-resource-loader-v0.mixins.json:ResourcePackManagerMixin from mod fabric-resource-loader-v0->@Inject::handleAutoEnable(Ljava/lang/String;Lorg/spongepowered/asm/mixin/injection/callback/CallbackInfoReturnable;)V won't be passed a CallbackInfoReturnable as a result
[18:49:17] [Render thread/DEBUG] (FabricLoader/Mixin) fabric-resource-loader-v0.mixins.json:ResourcePackManagerMixin from mod fabric-resource-loader-v0->@Inject::handleAutoDisable(Ljava/lang/String;Lorg/spongepowered/asm/mixin/injection/callback/CallbackInfoReturnable;)V doesn't use it's CallbackInfoReturnable
[18:49:17] [Render thread/DEBUG] (FabricLoader/Mixin) fabric-resource-loader-v0.mixins.json:ResourcePackManagerMixin from mod fabric-resource-loader-v0->@Inject::handleAutoDisable(Ljava/lang/String;Lorg/spongepowered/asm/mixin/injection/callback/CallbackInfoReturnable;)V has 0 override(s) in child classes
[18:49:17] [Render thread/DEBUG] (FabricLoader/Mixin) fabric-resource-loader-v0.mixins.json:ResourcePackManagerMixin from mod fabric-resource-loader-v0->@Inject::handleAutoDisable(Ljava/lang/String;Lorg/spongepowered/asm/mixin/injection/callback/CallbackInfoReturnable;)V won't be passed a CallbackInfoReturnable as a result
[18:49:17] [Render thread/INFO] (com.mojang.authlib.yggdrasil.YggdrasilAuthenticationService) Environment: Environment[sessionHost=https://sessionserver.mojang.com, servicesHost=https://api.minecraftservices.com, name=PROD]
[18:49:17] [Yggdrasil Key Fetcher/DEBUG] (com.mojang.authlib.minecraft.client.MinecraftClient) Connecting to https://api.minecraftservices.com/publickeys
[18:49:17] [Render thread/DEBUG] (FabricLoader/Mixin) Mixing YggdrasilMinecraftSessionServiceAccessor from meteor-client.mixins.json into com.mojang.authlib.yggdrasil.YggdrasilMinecraftSessionService
[18:49:17] [Render thread/DEBUG] (FabricLoader/Mixin) Renaming @Invoker method createYggdrasilMinecraftSessionService(Lcom/mojang/authlib/yggdrasil/ServicesKeySet;Ljava/net/Proxy;Lcom/mojang/authlib/Environment;)Lcom/mojang/authlib/yggdrasil/YggdrasilMinecraftSessionService; to createYggdrasilMinecraftSessionService$meteor-client_$md$809e22$0 in meteor-client.mixins.json:YggdrasilMinecraftSessionServiceAccessor from mod meteor-client
[18:49:17] [Download-1/DEBUG] (com.mojang.authlib.minecraft.client.MinecraftClient) Connecting to https://sessionserver.mojang.com/session/minecraft/profile/c4c1cea71a8733fc981142fa00e73975?unsigned=false
[18:49:17] [Render thread/INFO] (net.minecraft.client.MinecraftClient) Setting user: Player523
[18:49:17] [Render thread/DEBUG] (FabricLoader/Mixin) Mixing KeyBindingAccessor from meteor-client.mixins.json into net.minecraft.client.option.KeyBinding
[18:49:17] [Render thread/DEBUG] (FabricLoader/Mixin) Renaming @Accessor method getCategoryOrderMap()Ljava/util/Map; to getCategoryOrderMap$meteor-client_$md$809e22$0 in meteor-client.mixins.json:KeyBindingAccessor from mod meteor-client
[18:49:17] [Render thread/DEBUG] (FabricLoader/Entrypoint) No subscribers for entrypoint 'main'
[18:49:17] [Render thread/DEBUG] (FabricLoader/Entrypoint) Iterating over entrypoint 'client'
[18:49:17] [Render thread/DEBUG] (FabricLoader/Mixin) Mixing GameOptionsMixin from meteor-client.mixins.json into net.minecraft.client.option.GameOptions
[18:49:17] [Render thread/DEBUG] (FabricLoader/Mixin) Mixing GameOptionsMixin from fabric-resource-loader-v0.client.mixins.json into net.minecraft.client.option.GameOptions
[18:49:17] [Render thread/DEBUG] (FabricLoader/Mixin) fabric-resource-loader-v0.client.mixins.json:GameOptionsMixin from mod fabric-resource-loader-v0: Class version 65 required is higher than the class version supported by the current version of Mixin (JAVA_17 supports class version 61)
[18:49:17] [Render thread/DEBUG] (FabricLoader/Mixin) meteor-client.mixins.json:GameOptionsMixin from mod meteor-client->@Inject::onInitAfterKeysAll(Lnet/minecraft/client/MinecraftClient;Ljava/io/File;Lorg/spongepowered/asm/mixin/injection/callback/CallbackInfo;)V doesn't use it's CallbackInfo
[18:49:17] [Render thread/DEBUG] (FabricLoader/Mixin) meteor-client.mixins.json:GameOptionsMixin from mod meteor-client->@Inject::onInitAfterKeysAll(Lnet/minecraft/client/MinecraftClient;Ljava/io/File;Lorg/spongepowered/asm/mixin/injection/callback/CallbackInfo;)V has 0 override(s) in child classes
[18:49:17] [Render thread/DEBUG] (FabricLoader/Mixin) meteor-client.mixins.json:GameOptionsMixin from mod meteor-client->@Inject::onInitAfterKeysAll(Lnet/minecraft/client/MinecraftClient;Ljava/io/File;Lorg/spongepowered/asm/mixin/injection/callback/CallbackInfo;)V won't be passed a CallbackInfo as a result
[18:49:17] [Render thread/DEBUG] (FabricLoader/Mixin) meteor-client.mixins.json:GameOptionsMixin from mod meteor-client->@Inject::setPerspective(Lnet/minecraft/client/option/Perspective;Lorg/spongepowered/asm/mixin/injection/callback/CallbackInfo;)V does use it's CallbackInfo
[18:49:17] [Render thread/DEBUG] (FabricLoader/Mixin) fabric-resource-loader-v0.client.mixins.json:GameOptionsMixin from mod fabric-resource-loader-v0->@Inject::onLoad(Lorg/spongepowered/asm/mixin/injection/callback/CallbackInfo;)V doesn't use it's CallbackInfo
[18:49:17] [Render thread/DEBUG] (FabricLoader/Mixin) fabric-resource-loader-v0.client.mixins.json:GameOptionsMixin from mod fabric-resource-loader-v0->@Inject::onLoad(Lorg/spongepowered/asm/mixin/injection/callback/CallbackInfo;)V has 0 override(s) in child classes
[18:49:17] [Render thread/DEBUG] (FabricLoader/Mixin) fabric-resource-loader-v0.client.mixins.json:GameOptionsMixin from mod fabric-resource-loader-v0->@Inject::onLoad(Lorg/spongepowered/asm/mixin/injection/callback/CallbackInfo;)V won't be passed a CallbackInfo as a result
[18:49:17] [Render thread/DEBUG] (FabricLoader/Mixin) fabric-resource-loader-v0.client.mixins.json:GameOptionsMixin from mod fabric-resource-loader-v0->@Inject::onLoad(Lorg/spongepowered/asm/mixin/injection/callback/CallbackInfo;)V doesn't use it's CallbackInfo
[18:49:17] [Render thread/DEBUG] (FabricLoader/Mixin) fabric-resource-loader-v0.client.mixins.json:GameOptionsMixin from mod fabric-resource-loader-v0->@Inject::onLoad(Lorg/spongepowered/asm/mixin/injection/callback/CallbackInfo;)V has 0 override(s) in child classes
[18:49:17] [Render thread/DEBUG] (FabricLoader/Mixin) fabric-resource-loader-v0.client.mixins.json:GameOptionsMixin from mod fabric-resource-loader-v0->@Inject::onLoad(Lorg/spongepowered/asm/mixin/injection/callback/CallbackInfo;)V won't be passed a CallbackInfo as a result
[18:49:17] [Render thread/DEBUG] (FabricLoader/Mixin) Mixing SimpleOptionMixin from meteor-client.mixins.json into net.minecraft.client.option.SimpleOption
[18:49:17] [Render thread/DEBUG] (FabricLoader/Mixin) Mixing ChatHudAccessor from meteor-client.mixins.json into net.minecraft.client.gui.hud.ChatHud
[18:49:17] [Render thread/DEBUG] (FabricLoader/Mixin) Mixing ChatHudMixin from meteor-client.mixins.json into net.minecraft.client.gui.hud.ChatHud
[18:49:17] [Render thread/DEBUG] (FabricLoader/Mixin) Renaming synthetic method lambda$onAddMessage$0(Lnet/minecraft/client/gui/hud/ChatHudLine$Visible;)Z to md809e22$meteor-client$lambda$onAddMessage$0$0 in meteor-client.mixins.json:ChatHudMixin from mod meteor-client
[18:49:17] [Render thread/DEBUG] (FabricLoader/Mixin) meteor-client.mixins.json:ChatHudMixin from mod meteor-client->@Inject::onAddMessageAfterNewChatHudLineVisible(Lnet/minecraft/client/gui/hud/ChatHudLine;Lorg/spongepowered/asm/mixin/injection/callback/CallbackInfo;)V doesn't use it's CallbackInfo
[18:49:17] [Render thread/DEBUG] (FabricLoader/Mixin) meteor-client.mixins.json:ChatHudMixin from mod meteor-client->@Inject::onAddMessageAfterNewChatHudLineVisible(Lnet/minecraft/client/gui/hud/ChatHudLine;Lorg/spongepowered/asm/mixin/injection/callback/CallbackInfo;)V has 0 override(s) in child classes
[18:49:17] [Render thread/DEBUG] (FabricLoader/Mixin) meteor-client.mixins.json:ChatHudMixin from mod meteor-client->@Inject::onAddMessageAfterNewChatHudLineVisible(Lnet/minecraft/client/gui/hud/ChatHudLine;Lorg/spongepowered/asm/mixin/injection/callback/CallbackInfo;)V won't be passed a CallbackInfo as a result
[18:49:17] [Render thread/DEBUG] (FabricLoader/Mixin) meteor-client.mixins.json:ChatHudMixin from mod meteor-client->@Inject::onAddMessageAfterNewChatHudLine(Lnet/minecraft/client/gui/hud/ChatHudLine;Lorg/spongepowered/asm/mixin/injection/callback/CallbackInfo;)V doesn't use it's CallbackInfo
[18:49:17] [Render thread/DEBUG] (FabricLoader/Mixin) meteor-client.mixins.json:ChatHudMixin from mod meteor-client->@Inject::onAddMessageAfterNewChatHudLine(Lnet/minecraft/client/gui/hud/ChatHudLine;Lorg/spongepowered/asm/mixin/injection/callback/CallbackInfo;)V has 0 override(s) in child classes
[18:49:17] [Render thread/DEBUG] (FabricLoader/Mixin) meteor-client.mixins.json:ChatHudMixin from mod meteor-client->@Inject::onAddMessageAfterNewChatHudLine(Lnet/minecraft/client/gui/hud/ChatHudLine;Lorg/spongepowered/asm/mixin/injection/callback/CallbackInfo;)V won't be passed a CallbackInfo as a result
[18:49:17] [Render thread/DEBUG] (FabricLoader/Mixin) meteor-client.mixins.json:ChatHudMixin from mod meteor-client->@Inject::onAddMessage(Lnet/minecraft/text/Text;Lnet/minecraft/network/message/MessageSignatureData;Lnet/minecraft/client/gui/hud/MessageIndicator;Lorg/spongepowered/asm/mixin/injection/callback/CallbackInfo;)V does use it's CallbackInfo
[18:49:17] [Render thread/DEBUG] (FabricLoader/Mixin) meteor-client.mixins.json:ChatHudMixin from mod meteor-client->@Inject::onBreakChatMessageLines(Lnet/minecraft/client/gui/hud/ChatHudLine;Lorg/spongepowered/asm/mixin/injection/callback/CallbackInfo;ILnet/minecraft/client/gui/hud/MessageIndicator$Icon;Ljava/util/List;)V doesn't use it's CallbackInfo
[18:49:17] [Render thread/DEBUG] (FabricLoader/Mixin) meteor-client.mixins.json:ChatHudMixin from mod meteor-client->@Inject::onBreakChatMessageLines(Lnet/minecraft/client/gui/hud/ChatHudLine;Lorg/spongepowered/asm/mixin/injection/callback/CallbackInfo;ILnet/minecraft/client/gui/hud/MessageIndicator$Icon;Ljava/util/List;)V has 0 override(s) in child classes
[18:49:17] [Render thread/DEBUG] (FabricLoader/Mixin) meteor-client.mixins.json:ChatHudMixin from mod meteor-client->@Inject::onBreakChatMessageLines(Lnet/minecraft/client/gui/hud/ChatHudLine;Lorg/spongepowered/asm/mixin/injection/callback/CallbackInfo;ILnet/minecraft/client/gui/hud/MessageIndicator$Icon;Ljava/util/List;)V won't be passed a CallbackInfo as a result
[18:49:17] [Render thread/DEBUG] (FabricLoader/Mixin) meteor-client.mixins.json:ChatHudMixin from mod meteor-client->@Inject::onRemoveMessage(Lnet/minecraft/client/gui/hud/ChatHudLine;Lorg/spongepowered/asm/mixin/injection/callback/CallbackInfo;)V doesn't use it's CallbackInfo
[18:49:17] [Render thread/DEBUG] (FabricLoader/Mixin) meteor-client.mixins.json:ChatHudMixin from mod meteor-client->@Inject::onRemoveMessage(Lnet/minecraft/client/gui/hud/ChatHudLine;Lorg/spongepowered/asm/mixin/injection/callback/CallbackInfo;)V has 0 override(s) in child classes
[18:49:17] [Render thread/DEBUG] (FabricLoader/Mixin) meteor-client.mixins.json:ChatHudMixin from mod meteor-client->@Inject::onRemoveMessage(Lnet/minecraft/client/gui/hud/ChatHudLine;Lorg/spongepowered/asm/mixin/injection/callback/CallbackInfo;)V won't be passed a CallbackInfo as a result
[18:49:17] [Render thread/DEBUG] (FabricLoader/Mixin) meteor-client.mixins.json:ChatHudMixin from mod meteor-client->@Inject::onClear(ZLorg/spongepowered/asm/mixin/injection/callback/CallbackInfo;)V doesn't use it's CallbackInfo
[18:49:17] [Render thread/DEBUG] (FabricLoader/Mixin) meteor-client.mixins.json:ChatHudMixin from mod meteor-client->@Inject::onClear(ZLorg/spongepowered/asm/mixin/injection/callback/CallbackInfo;)V has 0 override(s) in child classes
[18:49:17] [Render thread/DEBUG] (FabricLoader/Mixin) meteor-client.mixins.json:ChatHudMixin from mod meteor-client->@Inject::onClear(ZLorg/spongepowered/asm/mixin/injection/callback/CallbackInfo;)V won't be passed a CallbackInfo as a result
[18:49:17] [Render thread/DEBUG] (FabricLoader/Mixin) meteor-client.mixins.json:ChatHudMixin from mod meteor-client->@Inject::onRefresh(Lorg/spongepowered/asm/mixin/injection/callback/CallbackInfo;)V doesn't use it's CallbackInfo
[18:49:17] [Render thread/DEBUG] (FabricLoader/Mixin) meteor-client.mixins.json:ChatHudMixin from mod meteor-client->@Inject::onRefresh(Lorg/spongepowered/asm/mixin/injection/callback/CallbackInfo;)V has 0 override(s) in child classes
[18:49:17] [Render thread/DEBUG] (FabricLoader/Mixin) meteor-client.mixins.json:ChatHudMixin from mod meteor-client->@Inject::onRefresh(Lorg/spongepowered/asm/mixin/injection/callback/CallbackInfo;)V won't be passed a CallbackInfo as a result
[18:49:17] [Render thread/DEBUG] (FabricLoader/Mixin) Mixing ResourcePackProfileMixin from fabric-resource-loader-v0.mixins.json into net.minecraft.resource.ResourcePackProfile
[18:49:17] [Render thread/DEBUG] (FabricLoader/Mixin) fabric-resource-loader-v0.mixins.json:ResourcePackProfileMixin from mod fabric-resource-loader-v0: Class version 65 required is higher than the class version supported by the current version of Mixin (JAVA_17 supports class version 61)
[18:49:17] [Render thread/DEBUG] (FabricLoader/Mixin) Renaming synthetic method lambda$static$0(Ljava/util/Set;)Z to md809e22$fabric-resource-loader-v0$lambda$static$0$0 in fabric-resource-loader-v0.mixins.json:ResourcePackProfileMixin from mod fabric-resource-loader-v0
[18:49:17] [Render thread/DEBUG] (FabricLoader/Mixin) fabric-resource-loader-v0.mixins.json:ResourcePackProfileMixin from mod fabric-resource-loader-v0->@Inject::onCreateResourcePack(Lorg/spongepowered/asm/mixin/injection/callback/CallbackInfoReturnable;)V does use it's CallbackInfoReturnable
[18:49:17] [Render thread/INFO] (net.minecraft.client.MinecraftClient) Backend library: LWJGL version 3.3.3-snapshot
[18:49:17] [Render thread/DEBUG] (FabricLoader/Mixin) Mixing CapabilityTrackerMixin from meteor-client.mixins.json into com.mojang.blaze3d.platform.GlStateManager$CapabilityTracker
[18:49:17] [Download-1/DEBUG] (com.mojang.authlib.yggdrasil.YggdrasilMinecraftSessionService) Couldn't fetch profile properties for c4c1cea7-1a87-33fc-9811-42fa00e73975 as the profile does not exist
[18:49:18] [Render thread/DEBUG] (FabricLoader/Mixin) Mixing MouseMixin from meteor-client.mixins.json into net.minecraft.client.Mouse
[18:49:18] [Render thread/DEBUG] (FabricLoader/Mixin) meteor-client.mixins.json:MouseMixin from mod meteor-client->@Inject::onMouseButton(JIIILorg/spongepowered/asm/mixin/injection/callback/CallbackInfo;)V does use it's CallbackInfo
[18:49:18] [Render thread/DEBUG] (FabricLoader/Mixin) meteor-client.mixins.json:MouseMixin from mod meteor-client->@Inject::onMouseScroll(JDDLorg/spongepowered/asm/mixin/injection/callback/CallbackInfo;)V does use it's CallbackInfo
[18:49:18] [Render thread/DEBUG] (FabricLoader/Mixin) Mixing KeyboardMixin from meteor-client.mixins.json into net.minecraft.client.Keyboard
[18:49:18] [Render thread/DEBUG] (FabricLoader/Mixin) meteor-client.mixins.json:KeyboardMixin from mod meteor-client->@Inject::onKey(JIIIILorg/spongepowered/asm/mixin/injection/callback/CallbackInfo;)V does use it's CallbackInfo
[18:49:18] [Render thread/DEBUG] (FabricLoader/Mixin) meteor-client.mixins.json:KeyboardMixin from mod meteor-client->@Inject::onChar(JIILorg/spongepowered/asm/mixin/injection/callback/CallbackInfo;)V does use it's CallbackInfo
[18:49:18] [Render thread/DEBUG] (FabricLoader/Mixin) Mixing LifecycledResourceManagerImplMixin from fabric-resource-loader-v0.mixins.json into net.minecraft.resource.LifecycledResourceManagerImpl
[18:49:18] [Render thread/DEBUG] (FabricLoader/Mixin) fabric-resource-loader-v0.mixins.json:LifecycledResourceManagerImplMixin from mod fabric-resource-loader-v0: Class version 65 required is higher than the class version supported by the current version of Mixin (JAVA_17 supports class version 61)
[18:49:18] [Render thread/DEBUG] (FabricLoader/Mixin) fabric-resource-loader-v0.mixins.json:LifecycledResourceManagerImplMixin from mod fabric-resource-loader-v0->@Inject::init(Lnet/minecraft/resource/ResourceType;Ljava/util/List;Lorg/spongepowered/asm/mixin/injection/callback/CallbackInfo;)V doesn't use it's CallbackInfo
[18:49:18] [Render thread/DEBUG] (FabricLoader/Mixin) fabric-resource-loader-v0.mixins.json:LifecycledResourceManagerImplMixin from mod fabric-resource-loader-v0->@Inject::init(Lnet/minecraft/resource/ResourceType;Ljava/util/List;Lorg/spongepowered/asm/mixin/injection/callback/CallbackInfo;)V has 0 override(s) in child classes
[18:49:18] [Render thread/DEBUG] (FabricLoader/Mixin) fabric-resource-loader-v0.mixins.json:LifecycledResourceManagerImplMixin from mod fabric-resource-loader-v0->@Inject::init(Lnet/minecraft/resource/ResourceType;Ljava/util/List;Lorg/spongepowered/asm/mixin/injection/callback/CallbackInfo;)V won't be passed a CallbackInfo as a result
[18:49:18] [Render thread/DEBUG] (net.fabricmc.fabric.impl.resource.loader.ModResourcePackUtil) [Fabric] Starting internal pack sorting with: [vanilla, ametium-addon, fabric, fabric-resource-loader-v0, fabricloader, meteor-client]
[18:49:18] [Render thread/DEBUG] (net.fabricmc.fabric.impl.resource.loader.ModResourcePackUtil) [Fabric] Removed all internal packs, result: [vanilla, fabric]
[18:49:18] [Render thread/DEBUG] (net.fabricmc.fabric.impl.resource.loader.ModResourcePackUtil) [Fabric] cur @ fabric, auto-enabled ametium-addon, currently enabled: [vanilla, fabric, ametium-addon]
[18:49:18] [Render thread/DEBUG] (net.fabricmc.fabric.impl.resource.loader.ModResourcePackUtil) [Fabric] cur @ fabric, auto-enabled fabric-resource-loader-v0, currently enabled: [vanilla, fabric, ametium-addon, fabric-resource-loader-v0]
[18:49:18] [Render thread/DEBUG] (net.fabricmc.fabric.impl.resource.loader.ModResourcePackUtil) [Fabric] cur @ fabric, auto-enabled fabricloader, currently enabled: [vanilla, fabric, ametium-addon, fabric-resource-loader-v0, fabricloader]
[18:49:18] [Render thread/DEBUG] (net.fabricmc.fabric.impl.resource.loader.ModResourcePackUtil) [Fabric] cur @ fabric, auto-enabled meteor-client, currently enabled: [vanilla, fabric, ametium-addon, fabric-resource-loader-v0, fabricloader, meteor-client]
[18:49:18] [Render thread/DEBUG] (net.fabricmc.fabric.impl.resource.loader.ModResourcePackUtil) [Fabric] Final sorting result: [vanilla, fabric, ametium-addon, fabric-resource-loader-v0, fabricloader, meteor-client]
[18:49:18] [Render thread/DEBUG] (net.fabricmc.fabric.impl.resource.loader.ModResourcePackUtil) [Fabric] Starting internal pack sorting with: [vanilla, fabric, ametium-addon, fabric-resource-loader-v0, fabricloader, meteor-client]
[18:49:18] [Render thread/DEBUG] (net.fabricmc.fabric.impl.resource.loader.ModResourcePackUtil) [Fabric] Removed all internal packs, result: [vanilla, fabric]
[18:49:18] [Render thread/DEBUG] (net.fabricmc.fabric.impl.resource.loader.ModResourcePackUtil) [Fabric] cur @ fabric, auto-enabled ametium-addon, currently enabled: [vanilla, fabric, ametium-addon]
[18:49:18] [Render thread/DEBUG] (net.fabricmc.fabric.impl.resource.loader.ModResourcePackUtil) [Fabric] cur @ fabric, auto-enabled fabric-resource-loader-v0, currently enabled: [vanilla, fabric, ametium-addon, fabric-resource-loader-v0]
[18:49:18] [Render thread/DEBUG] (net.fabricmc.fabric.impl.resource.loader.ModResourcePackUtil) [Fabric] cur @ fabric, auto-enabled fabricloader, currently enabled: [vanilla, fabric, ametium-addon, fabric-resource-loader-v0, fabricloader]
[18:49:18] [Render thread/DEBUG] (net.fabricmc.fabric.impl.resource.loader.ModResourcePackUtil) [Fabric] cur @ fabric, auto-enabled meteor-client, currently enabled: [vanilla, fabric, ametium-addon, fabric-resource-loader-v0, fabricloader, meteor-client]
[18:49:18] [Render thread/DEBUG] (net.fabricmc.fabric.impl.resource.loader.ModResourcePackUtil) [Fabric] Final sorting result: [vanilla, fabric, ametium-addon, fabric-resource-loader-v0, fabricloader, meteor-client]
[18:49:18] [Render thread/DEBUG] (FabricLoader/Mixin) Mixing KeyedResourceReloadListenerClientMixin from fabric-resource-loader-v0.client.mixins.json into net.minecraft.client.resource.language.LanguageManager
[18:49:18] [Render thread/DEBUG] (FabricLoader/Mixin) fabric-resource-loader-v0.client.mixins.json:KeyedResourceReloadListenerClientMixin from mod fabric-resource-loader-v0: Class version 65 required is higher than the class version supported by the current version of Mixin (JAVA_17 supports class version 61)
[18:49:18] [Render thread/DEBUG] (FabricLoader/Mixin) Mixing KeyedResourceReloadListenerClientMixin from fabric-resource-loader-v0.client.mixins.json into net.minecraft.client.texture.TextureManager
[18:49:18] [Render thread/DEBUG] (FabricLoader/Mixin) fabric-resource-loader-v0.client.mixins.json:KeyedResourceReloadListenerClientMixin from mod fabric-resource-loader-v0: Class version 65 required is higher than the class version supported by the current version of Mixin (JAVA_17 supports class version 61)
[18:49:18] [Render thread/DEBUG] (FabricLoader/Mixin) Mixing PlayerSkinProviderAccessor from meteor-client.mixins.json into net.minecraft.client.texture.PlayerSkinProvider
[18:49:18] [Render thread/DEBUG] (FabricLoader/Mixin) Mixing FileCacheAccessor from meteor-client.mixins.json into net.minecraft.client.texture.PlayerSkinProvider$FileCache
[18:49:18] [Render thread/DEBUG] (FabricLoader/Mixin) Mixing KeyedResourceReloadListenerClientMixin from fabric-resource-loader-v0.client.mixins.json into net.minecraft.client.sound.SoundManager
[18:49:18] [Render thread/DEBUG] (FabricLoader/Mixin) fabric-resource-loader-v0.client.mixins.json:KeyedResourceReloadListenerClientMixin from mod fabric-resource-loader-v0: Class version 65 required is higher than the class version supported by the current version of Mixin (JAVA_17 supports class version 61)
[18:49:18] [Render thread/DEBUG] (FabricLoader/Mixin) Mixing SoundSystemMixin from meteor-client.mixins.json into net.minecraft.client.sound.SoundSystem
[18:49:18] [Render thread/DEBUG] (FabricLoader/Mixin) meteor-client.mixins.json:SoundSystemMixin from mod meteor-client->@Inject::onPlay(Lnet/minecraft/client/sound/SoundInstance;Lorg/spongepowered/asm/mixin/injection/callback/CallbackInfo;)V does use it's CallbackInfo
[18:49:18] [Render thread/DEBUG] (FabricLoader/Mixin) meteor-client.mixins.json:SoundSystemMixin from mod meteor-client->@Inject::onTick(Lorg/spongepowered/asm/mixin/injection/callback/CallbackInfo;)V doesn't use it's CallbackInfo
[18:49:18] [Render thread/DEBUG] (FabricLoader/Mixin) meteor-client.mixins.json:SoundSystemMixin from mod meteor-client->@Inject::onTick(Lorg/spongepowered/asm/mixin/injection/callback/CallbackInfo;)V has 0 override(s) in child classes
[18:49:18] [Render thread/DEBUG] (FabricLoader/Mixin) meteor-client.mixins.json:SoundSystemMixin from mod meteor-client->@Inject::onTick(Lorg/spongepowered/asm/mixin/injection/callback/CallbackInfo;)V won't be passed a CallbackInfo as a result
[18:49:18] [Render thread/DEBUG] (FabricLoader/Mixin) Mixing SplashTextResourceSupplierMixin from meteor-client.mixins.json into net.minecraft.client.resource.SplashTextResourceSupplier
[18:49:18] [Render thread/DEBUG] (FabricLoader/Mixin) meteor-client.mixins.json:SplashTextResourceSupplierMixin from mod meteor-client->@Inject::onApply(Lorg/spongepowered/asm/mixin/injection/callback/CallbackInfoReturnable;)V does use it's CallbackInfoReturnable
[18:49:18] [Render thread/DEBUG] (FabricLoader/Mixin) Mixing FontManagerMixin from fabric-resource-loader-v0.client.mixins.json into net.minecraft.client.font.FontManager
[18:49:18] [Render thread/DEBUG] (FabricLoader/Mixin) fabric-resource-loader-v0.client.mixins.json:FontManagerMixin from mod fabric-resource-loader-v0: Class version 65 required is higher than the class version supported by the current version of Mixin (JAVA_17 supports class version 61)
[18:49:18] [Render thread/DEBUG] (FabricLoader/Mixin) Mixing GameRendererMixin from meteor-client.mixins.json into net.minecraft.client.render.GameRenderer
[18:49:18] [Render thread/DEBUG] (FabricLoader/Mixin) meteor-client.mixins.json:GameRendererMixin from mod meteor-client->@Inject::onRenderWorld(Lnet/minecraft/client/render/RenderTickCounter;Lorg/spongepowered/asm/mixin/injection/callback/CallbackInfo;)V doesn't use it's CallbackInfo
[18:49:18] [Render thread/DEBUG] (FabricLoader/Mixin) meteor-client.mixins.json:GameRendererMixin from mod meteor-client->@Inject::onRenderWorld(Lnet/minecraft/client/render/RenderTickCounter;Lorg/spongepowered/asm/mixin/injection/callback/CallbackInfo;)V has 0 override(s) in child classes
[18:49:18] [Render thread/DEBUG] (FabricLoader/Mixin) meteor-client.mixins.json:GameRendererMixin from mod meteor-client->@Inject::onRenderWorld(Lnet/minecraft/client/render/RenderTickCounter;Lorg/spongepowered/asm/mixin/injection/callback/CallbackInfo;)V won't be passed a CallbackInfo as a result
[18:49:18] [Render thread/DEBUG] (FabricLoader/Mixin) meteor-client.mixins.json:GameRendererMixin from mod meteor-client->@Inject::onRenderWorldTail(Lorg/spongepowered/asm/mixin/injection/callback/CallbackInfo;)V doesn't use it's CallbackInfo
[18:49:18] [Render thread/DEBUG] (FabricLoader/Mixin) meteor-client.mixins.json:GameRendererMixin from mod meteor-client->@Inject::onRenderWorldTail(Lorg/spongepowered/asm/mixin/injection/callback/CallbackInfo;)V has 0 override(s) in child classes
[18:49:18] [Render thread/DEBUG] (FabricLoader/Mixin) meteor-client.mixins.json:GameRendererMixin from mod meteor-client->@Inject::onRenderWorldTail(Lorg/spongepowered/asm/mixin/injection/callback/CallbackInfo;)V won't be passed a CallbackInfo as a result
[18:49:18] [Render thread/DEBUG] (FabricLoader/Mixin) meteor-client.mixins.json:GameRendererMixin from mod meteor-client->@Inject::onShowFloatingItem(Lnet/minecraft/item/ItemStack;Lorg/spongepowered/asm/mixin/injection/callback/CallbackInfo;)V does use it's CallbackInfo
[18:49:18] [Render thread/DEBUG] (FabricLoader/Mixin) meteor-client.mixins.json:GameRendererMixin from mod meteor-client->@Inject::onRenderNausea(Lnet/minecraft/client/gui/DrawContext;FLorg/spongepowered/asm/mixin/injection/callback/CallbackInfo;)V does use it's CallbackInfo
[18:49:18] [Render thread/DEBUG] (FabricLoader/Mixin) meteor-client.mixins.json:GameRendererMixin from mod meteor-client->@Inject::updateTargetedEntityInvoke(FLorg/spongepowered/asm/mixin/injection/callback/CallbackInfo;)V does use it's CallbackInfo
[18:49:18] [Render thread/DEBUG] (FabricLoader/Mixin) meteor-client.mixins.json:GameRendererMixin from mod meteor-client->@Inject::renderHand(Lnet/minecraft/client/render/Camera;FLorg/joml/Matrix4f;Lorg/spongepowered/asm/mixin/injection/callback/CallbackInfo;)V does use it's CallbackInfo
[18:49:18] [Render thread/DEBUG] (FabricLoader/Mixin) Mixing PlayerArmorSlotMixin from meteor-client.mixins.json into net.minecraft.screen.PlayerScreenHandler$1
[18:49:18] [Render thread/DEBUG] (FabricLoader/Mixin) Mixing ItemRendererMixin from meteor-client.mixins.json into net.minecraft.client.render.item.ItemRenderer
[18:49:18] [Render thread/DEBUG] (FabricLoader/Mixin) Mixing KeyedResourceReloadListenerClientMixin from fabric-resource-loader-v0.client.mixins.json into net.minecraft.client.render.item.ItemRenderer
[18:49:18] [Render thread/DEBUG] (FabricLoader/Mixin) fabric-resource-loader-v0.client.mixins.json:KeyedResourceReloadListenerClientMixin from mod fabric-resource-loader-v0: Class version 65 required is higher than the class version supported by the current version of Mixin (JAVA_17 supports class version 61)
[18:49:18] [Render thread/DEBUG] (FabricLoader/Mixin) ArgsClassGenerator assigning org.spongepowered.asm.synthetic.args.Args$3 for descriptor (Lnet/minecraft/client/render/model/BakedModel;Lnet/minecraft/item/ItemStack;IILnet/minecraft/client/util/math/MatrixStack;Lnet/minecraft/client/render/VertexConsumer;)V
[18:49:18] [Render thread/DEBUG] (FabricLoader/Mixin) Mixing WorldRendererAccessor from meteor-client.mixins.json into net.minecraft.client.render.WorldRenderer
[18:49:18] [Render thread/DEBUG] (FabricLoader/Mixin) Mixing WorldRendererMixin from meteor-client.mixins.json into net.minecraft.client.render.WorldRenderer
[18:49:18] [Render thread/DEBUG] (FabricLoader/Mixin) Mixing KeyedResourceReloadListenerClientMixin from fabric-resource-loader-v0.client.mixins.json into net.minecraft.client.render.WorldRenderer
[18:49:18] [Render thread/DEBUG] (FabricLoader/Mixin) fabric-resource-loader-v0.client.mixins.json:KeyedResourceReloadListenerClientMixin from mod fabric-resource-loader-v0: Class version 65 required is higher than the class version supported by the current version of Mixin (JAVA_17 supports class version 61)
[18:49:18] [Render thread/DEBUG] (FabricLoader/Mixin) meteor-client.mixins.json:WorldRendererMixin from mod meteor-client->@Inject::onCheckEmpty(Lnet/minecraft/client/util/math/MatrixStack;Lorg/spongepowered/asm/mixin/injection/callback/CallbackInfo;)V does use it's CallbackInfo
[18:49:18] [Render thread/DEBUG] (FabricLoader/Mixin) meteor-client.mixins.json:WorldRendererMixin from mod meteor-client->@Inject::onDrawHighlightedBlockOutline(Lnet/minecraft/client/util/math/MatrixStack;Lnet/minecraft/client/render/VertexConsumer;Lnet/minecraft/entity/Entity;DDDLnet/minecraft/util/math/BlockPos;Lnet/minecraft/block/BlockState;Lorg/spongepowered/asm/mixin/injection/callback/CallbackInfo;)V does use it's CallbackInfo
[18:49:18] [Render thread/DEBUG] (FabricLoader/Mixin) meteor-client.mixins.json:WorldRendererMixin from mod meteor-client->@Inject::onRenderWeather(Lnet/minecraft/client/render/LightmapTextureManager;FDDDLorg/spongepowered/asm/mixin/injection/callback/CallbackInfo;)V does use it's CallbackInfo
[18:49:18] [Render thread/DEBUG] (FabricLoader/Mixin) meteor-client.mixins.json:WorldRendererMixin from mod meteor-client->@Inject::hasBlindnessOrDarkness(Lnet/minecraft/client/render/Camera;Lorg/spongepowered/asm/mixin/injection/callback/CallbackInfoReturnable;)V does use it's CallbackInfoReturnable
[18:49:18] [Render thread/DEBUG] (FabricLoader/Mixin) meteor-client.mixins.json:WorldRendererMixin from mod meteor-client->@Inject::onRenderHead(Lnet/minecraft/client/render/RenderTickCounter;ZLnet/minecraft/client/render/Camera;Lnet/minecraft/client/render/GameRenderer;Lnet/minecraft/client/render/LightmapTextureManager;Lorg/joml/Matrix4f;Lorg/joml/Matrix4f;Lorg/spongepowered/asm/mixin/injection/callback/CallbackInfo;)V doesn't use it's CallbackInfo
[18:49:18] [Render thread/DEBUG] (FabricLoader/Mixin) meteor-client.mixins.json:WorldRendererMixin from mod meteor-client->@Inject::onRenderHead(Lnet/minecraft/client/render/RenderTickCounter;ZLnet/minecraft/client/render/Camera;Lnet/minecraft/client/render/GameRenderer;Lnet/minecraft/client/render/LightmapTextureManager;Lorg/joml/Matrix4f;Lorg/joml/Matrix4f;Lorg/spongepowered/asm/mixin/injection/callback/CallbackInfo;)V has 0 override(s) in child classes
[18:49:18] [Render thread/DEBUG] (FabricLoader/Mixin) meteor-client.mixins.json:WorldRendererMixin from mod meteor-client->@Inject::onRenderHead(Lnet/minecraft/client/render/RenderTickCounter;ZLnet/minecraft/client/render/Camera;Lnet/minecraft/client/render/GameRenderer;Lnet/minecraft/client/render/LightmapTextureManager;Lorg/joml/Matrix4f;Lorg/joml/Matrix4f;Lorg/spongepowered/asm/mixin/injection/callback/CallbackInfo;)V won't be passed a CallbackInfo as a result
[18:49:18] [Render thread/DEBUG] (FabricLoader/Mixin) meteor-client.mixins.json:WorldRendererMixin from mod meteor-client->@Inject::renderEntity(Lnet/minecraft/entity/Entity;DDDFLnet/minecraft/client/util/math/MatrixStack;Lnet/minecraft/client/render/VertexConsumerProvider;Lorg/spongepowered/asm/mixin/injection/callback/CallbackInfo;)V doesn't use it's CallbackInfo
[18:49:18] [Render thread/DEBUG] (FabricLoader/Mixin) meteor-client.mixins.json:WorldRendererMixin from mod meteor-client->@Inject::renderEntity(Lnet/minecraft/entity/Entity;DDDFLnet/minecraft/client/util/math/MatrixStack;Lnet/minecraft/client/render/VertexConsumerProvider;Lorg/spongepowered/asm/mixin/injection/callback/CallbackInfo;)V has 0 override(s) in child classes
[18:49:18] [Render thread/DEBUG] (FabricLoader/Mixin) meteor-client.mixins.json:WorldRendererMixin from mod meteor-client->@Inject::renderEntity(Lnet/minecraft/entity/Entity;DDDFLnet/minecraft/client/util/math/MatrixStack;Lnet/minecraft/client/render/VertexConsumerProvider;Lorg/spongepowered/asm/mixin/injection/callback/CallbackInfo;)V won't be passed a CallbackInfo as a result
[18:49:18] [Render thread/DEBUG] (FabricLoader/Mixin) meteor-client.mixins.json:WorldRendererMixin from mod meteor-client->@Inject::onRender(Lnet/minecraft/client/render/RenderTickCounter;ZLnet/minecraft/client/render/Camera;Lnet/minecraft/client/render/GameRenderer;Lnet/minecraft/client/render/LightmapTextureManager;Lorg/joml/Matrix4f;Lorg/joml/Matrix4f;Lorg/spongepowered/asm/mixin/injection/callback/CallbackInfo;)V doesn't use it's CallbackInfo
[18:49:18] [Render thread/DEBUG] (FabricLoader/Mixin) meteor-client.mixins.json:WorldRendererMixin from mod meteor-client->@Inject::onRender(Lnet/minecraft/client/render/RenderTickCounter;ZLnet/minecraft/client/render/Camera;Lnet/minecraft/client/render/GameRenderer;Lnet/minecraft/client/render/LightmapTextureManager;Lorg/joml/Matrix4f;Lorg/joml/Matrix4f;Lorg/spongepowered/asm/mixin/injection/callback/CallbackInfo;)V has 0 override(s) in child classes
[18:49:18] [Render thread/DEBUG] (FabricLoader/Mixin) meteor-client.mixins.json:WorldRendererMixin from mod meteor-client->@Inject::onRender(Lnet/minecraft/client/render/RenderTickCounter;ZLnet/minecraft/client/render/Camera;Lnet/minecraft/client/render/GameRenderer;Lnet/minecraft/client/render/LightmapTextureManager;Lorg/joml/Matrix4f;Lorg/joml/Matrix4f;Lorg/spongepowered/asm/mixin/injection/callback/CallbackInfo;)V won't be passed a CallbackInfo as a result
[18:49:18] [Render thread/DEBUG] (FabricLoader/Mixin) meteor-client.mixins.json:WorldRendererMixin from mod meteor-client->@Inject::onResized(IILorg/spongepowered/asm/mixin/injection/callback/CallbackInfo;)V doesn't use it's CallbackInfo
[18:49:18] [Render thread/DEBUG] (FabricLoader/Mixin) meteor-client.mixins.json:WorldRendererMixin from mod meteor-client->@Inject::onResized(IILorg/spongepowered/asm/mixin/injection/callback/CallbackInfo;)V has 0 override(s) in child classes
[18:49:18] [Render thread/DEBUG] (FabricLoader/Mixin) meteor-client.mixins.json:WorldRendererMixin from mod meteor-client->@Inject::onResized(IILorg/spongepowered/asm/mixin/injection/callback/CallbackInfo;)V won't be passed a CallbackInfo as a result
[18:49:18] [Render thread/DEBUG] (FabricLoader/Mixin) meteor-client.mixins.json:WorldRendererMixin from mod meteor-client->@Inject::onRenderEndSkyDraw(Lnet/minecraft/client/util/math/MatrixStack;Lorg/spongepowered/asm/mixin/injection/callback/CallbackInfo;)V doesn't use it's CallbackInfo
[18:49:18] [Render thread/DEBUG] (FabricLoader/Mixin) meteor-client.mixins.json:WorldRendererMixin from mod meteor-client->@Inject::onRenderEndSkyDraw(Lnet/minecraft/client/util/math/MatrixStack;Lorg/spongepowered/asm/mixin/injection/callback/CallbackInfo;)V has 0 override(s) in child classes
[18:49:18] [Render thread/DEBUG] (FabricLoader/Mixin) meteor-client.mixins.json:WorldRendererMixin from mod meteor-client->@Inject::onRenderEndSkyDraw(Lnet/minecraft/client/util/math/MatrixStack;Lorg/spongepowered/asm/mixin/injection/callback/CallbackInfo;)V won't be passed a CallbackInfo as a result
[18:49:18] [Render thread/DEBUG] (FabricLoader/Mixin) Mixing TextHandlerAccessor from meteor-client.mixins.json into net.minecraft.client.font.TextHandler
[18:49:18] [Render thread/DEBUG] (FabricLoader/Mixin) Mixing KeyedResourceReloadListenerClientMixin from fabric-resource-loader-v0.client.mixins.json into net.minecraft.client.render.model.BakedModelManager
[18:49:18] [Render thread/DEBUG] (FabricLoader/Mixin) fabric-resource-loader-v0.client.mixins.json:KeyedResourceReloadListenerClientMixin from mod fabric-resource-loader-v0: Class version 65 required is higher than the class version supported by the current version of Mixin (JAVA_17 supports class version 61)
[18:49:18] [Render thread/DEBUG] (FabricLoader/Mixin) Mixing BlockEntityRenderDispatcherMixin from meteor-client.mixins.json into net.minecraft.client.render.block.entity.BlockEntityRenderDispatcher
[18:49:18] [Render thread/DEBUG] (FabricLoader/Mixin) meteor-client.mixins.json:BlockEntityRenderDispatcherMixin from mod meteor-client->@Inject::onRenderEntity(Lnet/minecraft/block/entity/BlockEntity;FLnet/minecraft/client/util/math/MatrixStack;Lnet/minecraft/client/render/VertexConsumerProvider;Lorg/spongepowered/asm/mixin/injection/callback/CallbackInfo;)V does use it's CallbackInfo
[18:49:18] [Render thread/DEBUG] (FabricLoader/Mixin) Mixing BlockRenderManagerMixin from meteor-client.mixins.json into net.minecraft.client.render.block.BlockRenderManager
[18:49:18] [Render thread/DEBUG] (FabricLoader/Mixin) Mixing KeyedResourceReloadListenerClientMixin from fabric-resource-loader-v0.client.mixins.json into net.minecraft.client.render.block.BlockRenderManager
[18:49:18] [Render thread/DEBUG] (FabricLoader/Mixin) fabric-resource-loader-v0.client.mixins.json:KeyedResourceReloadListenerClientMixin from mod fabric-resource-loader-v0: Class version 65 required is higher than the class version supported by the current version of Mixin (JAVA_17 supports class version 61)
[18:49:18] [Render thread/DEBUG] (FabricLoader/Mixin) meteor-client.mixins.json:BlockRenderManagerMixin from mod meteor-client->@Inject::renderDamage(Lnet/minecraft/block/BlockState;Lnet/minecraft/util/math/BlockPos;Lnet/minecraft/world/BlockRenderView;Lnet/minecraft/client/util/math/MatrixStack;Lnet/minecraft/client/render/VertexConsumer;Lorg/spongepowered/asm/mixin/injection/callback/CallbackInfo;)V does use it's CallbackInfo
[18:49:18] [Render thread/DEBUG] (FabricLoader/Mixin) Mixing EntityRenderDispatcherMixin from meteor-client.mixins.json into net.minecraft.client.render.entity.EntityRenderDispatcher
[18:49:18] [Render thread/DEBUG] (FabricLoader/Mixin) meteor-client.mixins.json:EntityRenderDispatcherMixin from mod meteor-client->@Inject::render(Lnet/minecraft/entity/Entity;DDDFFLnet/minecraft/client/util/math/MatrixStack;Lnet/minecraft/client/render/VertexConsumerProvider;ILorg/spongepowered/asm/mixin/injection/callback/CallbackInfo;)V does use it's CallbackInfo
[18:49:18] [Render thread/DEBUG] (FabricLoader/Mixin) meteor-client.mixins.json:EntityRenderDispatcherMixin from mod meteor-client->@Inject::onRenderHitbox(Lnet/minecraft/client/util/math/MatrixStack;Lnet/minecraft/client/render/VertexConsumer;Lnet/minecraft/entity/Entity;FFFFLorg/spongepowered/asm/mixin/injection/callback/CallbackInfo;Lnet/minecraft/util/math/Box;)V doesn't use it's CallbackInfo
[18:49:18] [Render thread/DEBUG] (FabricLoader/Mixin) meteor-client.mixins.json:EntityRenderDispatcherMixin from mod meteor-client->@Inject::onRenderShadow(Lnet/minecraft/client/util/math/MatrixStack;Lnet/minecraft/client/render/VertexConsumerProvider;Lnet/minecraft/entity/Entity;FFLnet/minecraft/world/WorldView;FLorg/spongepowered/asm/mixin/injection/callback/CallbackInfo;)V does use it's CallbackInfo
[18:49:18] [Render thread/DEBUG] (FabricLoader/Mixin) meteor-client.mixins.json:EntityRenderDispatcherMixin from mod meteor-client->@Inject::onGetSquaredDistanceToCameraEntity(Lnet/minecraft/entity/Entity;Lorg/spongepowered/asm/mixin/injection/callback/CallbackInfoReturnable;)V does use it's CallbackInfoReturnable
[18:49:18] [Render thread/DEBUG] (FabricLoader/Mixin) meteor-client.mixins.json:EntityRenderDispatcherMixin from mod meteor-client->@Inject::onGetSquaredDistanceToCameraXYZ(DDDLorg/spongepowered/asm/mixin/injection/callback/CallbackInfoReturnable;)V does use it's CallbackInfoReturnable
[18:49:18] [Render thread/DEBUG] (FabricLoader/Mixin) Mixing TransformationMixin from meteor-client.mixins.json into net.minecraft.client.render.model.json.Transformation
[18:49:18] [Render thread/DEBUG] (FabricLoader/Mixin) meteor-client.mixins.json:TransformationMixin from mod meteor-client->@Inject::onApply(ZLnet/minecraft/client/util/math/MatrixStack;Lorg/spongepowered/asm/mixin/injection/callback/CallbackInfo;)V does use it's CallbackInfo
[18:49:18] [Render thread/DEBUG] (FabricLoader/Mixin) Mixing BlockModelRendererMixin from meteor-client.mixins.json into net.minecraft.client.render.block.BlockModelRenderer
[18:49:18] [Render thread/DEBUG] (FabricLoader/Mixin) meteor-client.mixins.json:BlockModelRendererMixin from mod meteor-client->@Inject::onRenderSmooth(Lnet/minecraft/world/BlockRenderView;Lnet/minecraft/client/render/model/BakedModel;Lnet/minecraft/block/BlockState;Lnet/minecraft/util/math/BlockPos;Lnet/minecraft/client/util/math/MatrixStack;Lnet/minecraft/client/render/VertexConsumer;ZLnet/minecraft/util/math/random/Random;JILorg/spongepowered/asm/mixin/injection/callback/CallbackInfo;)V does use it's CallbackInfo
[18:49:18] [Render thread/DEBUG] (FabricLoader/Mixin) meteor-client.mixins.json:BlockModelRendererMixin from mod meteor-client->@Inject::onRenderSmooth(Lnet/minecraft/world/BlockRenderView;Lnet/minecraft/client/render/model/BakedModel;Lnet/minecraft/block/BlockState;Lnet/minecraft/util/math/BlockPos;Lnet/minecraft/client/util/math/MatrixStack;Lnet/minecraft/client/render/VertexConsumer;ZLnet/minecraft/util/math/random/Random;JILorg/spongepowered/asm/mixin/injection/callback/CallbackInfo;)V does use it's CallbackInfo
[18:49:18] [Render thread/DEBUG] (FabricLoader/Mixin) Mixing FluidRendererMixin from meteor-client.mixins.json into net.minecraft.client.render.block.FluidRenderer
[18:49:18] [Render thread/DEBUG] (FabricLoader/Mixin) meteor-client.mixins.json:FluidRendererMixin from mod meteor-client->@Inject::onRender(Lnet/minecraft/world/BlockRenderView;Lnet/minecraft/util/math/BlockPos;Lnet/minecraft/client/render/VertexConsumer;Lnet/minecraft/block/BlockState;Lnet/minecraft/fluid/FluidState;Lorg/spongepowered/asm/mixin/injection/callback/CallbackInfo;)V does use it's CallbackInfo
[18:49:18] [Render thread/DEBUG] (FabricLoader/Mixin) meteor-client.mixins.json:FluidRendererMixin from mod meteor-client->@Inject::onVertex(Lnet/minecraft/client/render/VertexConsumer;FFFFFFFFILorg/spongepowered/asm/mixin/injection/callback/CallbackInfo;)V does use it's CallbackInfo
[18:49:18] [Render thread/DEBUG] (FabricLoader/Mixin) Mixing HeldItemRendererMixin from meteor-client.mixins.json into net.minecraft.client.render.item.HeldItemRenderer
[18:49:18] [Render thread/DEBUG] (FabricLoader/Mixin) meteor-client.mixins.json:HeldItemRendererMixin from mod meteor-client->@Inject::onRenderItem(Lnet/minecraft/client/network/AbstractClientPlayerEntity;FFLnet/minecraft/util/Hand;FLnet/minecraft/item/ItemStack;FLnet/minecraft/client/util/math/MatrixStack;Lnet/minecraft/client/render/VertexConsumerProvider;ILorg/spongepowered/asm/mixin/injection/callback/CallbackInfo;)V doesn't use it's CallbackInfo
[18:49:18] [Render thread/DEBUG] (FabricLoader/Mixin) meteor-client.mixins.json:HeldItemRendererMixin from mod meteor-client->@Inject::onRenderItem(Lnet/minecraft/client/network/AbstractClientPlayerEntity;FFLnet/minecraft/util/Hand;FLnet/minecraft/item/ItemStack;FLnet/minecraft/client/util/math/MatrixStack;Lnet/minecraft/client/render/VertexConsumerProvider;ILorg/spongepowered/asm/mixin/injection/callback/CallbackInfo;)V has 0 override(s) in child classes
[18:49:18] [Render thread/DEBUG] (FabricLoader/Mixin) meteor-client.mixins.json:HeldItemRendererMixin from mod meteor-client->@Inject::onRenderItem(Lnet/minecraft/client/network/AbstractClientPlayerEntity;FFLnet/minecraft/util/Hand;FLnet/minecraft/item/ItemStack;FLnet/minecraft/client/util/math/MatrixStack;Lnet/minecraft/client/render/VertexConsumerProvider;ILorg/spongepowered/asm/mixin/injection/callback/CallbackInfo;)V won't be passed a CallbackInfo as a result
[18:49:18] [Render thread/DEBUG] (FabricLoader/Mixin) meteor-client.mixins.json:HeldItemRendererMixin from mod meteor-client->@Inject::onRenderItem(Lnet/minecraft/client/network/AbstractClientPlayerEntity;FFLnet/minecraft/util/Hand;FLnet/minecraft/item/ItemStack;FLnet/minecraft/client/util/math/MatrixStack;Lnet/minecraft/client/render/VertexConsumerProvider;ILorg/spongepowered/asm/mixin/injection/callback/CallbackInfo;)V doesn't use it's CallbackInfo
[18:49:18] [Render thread/DEBUG] (FabricLoader/Mixin) meteor-client.mixins.json:HeldItemRendererMixin from mod meteor-client->@Inject::onRenderItem(Lnet/minecraft/client/network/AbstractClientPlayerEntity;FFLnet/minecraft/util/Hand;FLnet/minecraft/item/ItemStack;FLnet/minecraft/client/util/math/MatrixStack;Lnet/minecraft/client/render/VertexConsumerProvider;ILorg/spongepowered/asm/mixin/injection/callback/CallbackInfo;)V has 0 override(s) in child classes
[18:49:18] [Render thread/DEBUG] (FabricLoader/Mixin) meteor-client.mixins.json:HeldItemRendererMixin from mod meteor-client->@Inject::onRenderItem(Lnet/minecraft/client/network/AbstractClientPlayerEntity;FFLnet/minecraft/util/Hand;FLnet/minecraft/item/ItemStack;FLnet/minecraft/client/util/math/MatrixStack;Lnet/minecraft/client/render/VertexConsumerProvider;ILorg/spongepowered/asm/mixin/injection/callback/CallbackInfo;)V won't be passed a CallbackInfo as a result
[18:49:18] [Render thread/DEBUG] (FabricLoader/Mixin) meteor-client.mixins.json:HeldItemRendererMixin from mod meteor-client->@Inject::onRenderArm(Lnet/minecraft/client/network/AbstractClientPlayerEntity;FFLnet/minecraft/util/Hand;FLnet/minecraft/item/ItemStack;FLnet/minecraft/client/util/math/MatrixStack;Lnet/minecraft/client/render/VertexConsumerProvider;ILorg/spongepowered/asm/mixin/injection/callback/CallbackInfo;)V doesn't use it's CallbackInfo
[18:49:18] [Render thread/DEBUG] (FabricLoader/Mixin) meteor-client.mixins.json:HeldItemRendererMixin from mod meteor-client->@Inject::onRenderArm(Lnet/minecraft/client/network/AbstractClientPlayerEntity;FFLnet/minecraft/util/Hand;FLnet/minecraft/item/ItemStack;FLnet/minecraft/client/util/math/MatrixStack;Lnet/minecraft/client/render/VertexConsumerProvider;ILorg/spongepowered/asm/mixin/injection/callback/CallbackInfo;)V has 0 override(s) in child classes
[18:49:18] [Render thread/DEBUG] (FabricLoader/Mixin) meteor-client.mixins.json:HeldItemRendererMixin from mod meteor-client->@Inject::onRenderArm(Lnet/minecraft/client/network/AbstractClientPlayerEntity;FFLnet/minecraft/util/Hand;FLnet/minecraft/item/ItemStack;FLnet/minecraft/client/util/math/MatrixStack;Lnet/minecraft/client/render/VertexConsumerProvider;ILorg/spongepowered/asm/mixin/injection/callback/CallbackInfo;)V won't be passed a CallbackInfo as a result
[18:49:18] [Render thread/DEBUG] (FabricLoader/Mixin) meteor-client.mixins.json:HeldItemRendererMixin from mod meteor-client->@Inject::cancelTransformations(Lnet/minecraft/client/util/math/MatrixStack;FLnet/minecraft/util/Arm;Lnet/minecraft/item/ItemStack;Lnet/minecraft/entity/player/PlayerEntity;Lorg/spongepowered/asm/mixin/injection/callback/CallbackInfo;)V does use it's CallbackInfo
[18:49:18] [Render thread/DEBUG] (FabricLoader/Mixin) Mixing ParticleManagerMixin from meteor-client.mixins.json into net.minecraft.client.particle.ParticleManager
[18:49:18] [Render thread/DEBUG] (FabricLoader/Mixin) meteor-client.mixins.json:ParticleManagerMixin from mod meteor-client->@Inject::onAddParticle(Lnet/minecraft/particle/ParticleEffect;DDDDDDLorg/spongepowered/asm/mixin/injection/callback/CallbackInfoReturnable;)V does use it's CallbackInfoReturnable
[18:49:18] [Render thread/DEBUG] (FabricLoader/Mixin) meteor-client.mixins.json:ParticleManagerMixin from mod meteor-client->@Inject::onAddBlockBreakParticles(Lnet/minecraft/util/math/BlockPos;Lnet/minecraft/block/BlockState;Lorg/spongepowered/asm/mixin/injection/callback/CallbackInfo;)V does use it's CallbackInfo
[18:49:18] [Render thread/DEBUG] (FabricLoader/Mixin) meteor-client.mixins.json:ParticleManagerMixin from mod meteor-client->@Inject::onAddBlockBreakingParticles(Lnet/minecraft/util/math/BlockPos;Lnet/minecraft/util/math/Direction;Lorg/spongepowered/asm/mixin/injection/callback/CallbackInfo;)V does use it's CallbackInfo
[18:49:18] [Render thread/DEBUG] (FabricLoader/Mixin) Mixing FireworksSparkParticleSubMixin from meteor-client.mixins.json into net.minecraft.client.particle.FireworksSparkParticle$Explosion
[18:49:18] [Render thread/DEBUG] (FabricLoader/Mixin) meteor-client.mixins.json:FireworksSparkParticleSubMixin from mod meteor-client->@Inject::buildExplosionGeometry(Lnet/minecraft/client/render/VertexConsumer;Lnet/minecraft/client/render/Camera;FLorg/spongepowered/asm/mixin/injection/callback/CallbackInfo;)V does use it's CallbackInfo
[18:49:18] [Render thread/DEBUG] (FabricLoader/Mixin) Mixing FireworksSparkParticleSubMixin from meteor-client.mixins.json into net.minecraft.client.particle.FireworksSparkParticle$Flash
[18:49:18] [Render thread/DEBUG] (FabricLoader/Mixin) meteor-client.mixins.json:FireworksSparkParticleSubMixin from mod meteor-client->@Inject::buildExplosionGeometry(Lnet/minecraft/client/render/VertexConsumer;Lnet/minecraft/client/render/Camera;FLorg/spongepowered/asm/mixin/injection/callback/CallbackInfo;)V does use it's CallbackInfo
[18:49:18] [Render thread/DEBUG] (FabricLoader/Mixin) Mixing CameraMixin from meteor-client.mixins.json into net.minecraft.client.render.Camera
[18:49:18] [Render thread/DEBUG] (FabricLoader/Mixin) meteor-client.mixins.json:CameraMixin from mod meteor-client->@Inject::getSubmergedFluidState(Lorg/spongepowered/asm/mixin/injection/callback/CallbackInfoReturnable;)V does use it's CallbackInfoReturnable
[18:49:18] [Render thread/DEBUG] (FabricLoader/Mixin) meteor-client.mixins.json:CameraMixin from mod meteor-client->@Inject::onClipToSpace(FLorg/spongepowered/asm/mixin/injection/callback/CallbackInfoReturnable;)V does use it's CallbackInfoReturnable
[18:49:18] [Render thread/DEBUG] (FabricLoader/Mixin) meteor-client.mixins.json:CameraMixin from mod meteor-client->@Inject::onUpdateHead(Lnet/minecraft/world/BlockView;Lnet/minecraft/entity/Entity;ZZFLorg/spongepowered/asm/mixin/injection/callback/CallbackInfo;)V doesn't use it's CallbackInfo
[18:49:18] [Render thread/DEBUG] (FabricLoader/Mixin) meteor-client.mixins.json:CameraMixin from mod meteor-client->@Inject::onUpdateHead(Lnet/minecraft/world/BlockView;Lnet/minecraft/entity/Entity;ZZFLorg/spongepowered/asm/mixin/injection/callback/CallbackInfo;)V has 0 override(s) in child classes
[18:49:18] [Render thread/DEBUG] (FabricLoader/Mixin) meteor-client.mixins.json:CameraMixin from mod meteor-client->@Inject::onUpdateHead(Lnet/minecraft/world/BlockView;Lnet/minecraft/entity/Entity;ZZFLorg/spongepowered/asm/mixin/injection/callback/CallbackInfo;)V won't be passed a CallbackInfo as a result
[18:49:18] [Render thread/DEBUG] (FabricLoader/Mixin) meteor-client.mixins.json:CameraMixin from mod meteor-client->@Inject::onUpdateTail(Lnet/minecraft/world/BlockView;Lnet/minecraft/entity/Entity;ZZFLorg/spongepowered/asm/mixin/injection/callback/CallbackInfo;)V doesn't use it's CallbackInfo
[18:49:18] [Render thread/DEBUG] (FabricLoader/Mixin) meteor-client.mixins.json:CameraMixin from mod meteor-client->@Inject::onUpdateTail(Lnet/minecraft/world/BlockView;Lnet/minecraft/entity/Entity;ZZFLorg/spongepowered/asm/mixin/injection/callback/CallbackInfo;)V has 0 override(s) in child classes
[18:49:18] [Render thread/DEBUG] (FabricLoader/Mixin) meteor-client.mixins.json:CameraMixin from mod meteor-client->@Inject::onUpdateTail(Lnet/minecraft/world/BlockView;Lnet/minecraft/entity/Entity;ZZFLorg/spongepowered/asm/mixin/injection/callback/CallbackInfo;)V won't be passed a CallbackInfo as a result
[18:49:18] [Render thread/DEBUG] (FabricLoader/Mixin) ArgsClassGenerator assigning org.spongepowered.asm.synthetic.args.Args$4 for descriptor (FF)V
[18:49:18] [Render thread/DEBUG] (FabricLoader/Mixin) Mixing MapRendererAccessor from meteor-client.mixins.json into net.minecraft.client.render.MapRenderer
[18:49:18] [Render thread/DEBUG] (FabricLoader/Mixin) Mixing LightmapTextureManagerMixin from meteor-client.mixins.json into net.minecraft.client.render.LightmapTextureManager
[18:49:18] [Render thread/DEBUG] (FabricLoader/Mixin) ArgsClassGenerator assigning org.spongepowered.asm.synthetic.args.Args$5 for descriptor (III)V
[18:49:18] [Render thread/DEBUG] (FabricLoader/Mixin) meteor-client.mixins.json:LightmapTextureManagerMixin from mod meteor-client->@Inject::getDarknessFactor(FLorg/spongepowered/asm/mixin/injection/callback/CallbackInfoReturnable;)V does use it's CallbackInfoReturnable
[18:49:18] [Render thread/DEBUG] (FabricLoader/Mixin) Mixing VertexBufferMixin from meteor-client.mixins.json into net.minecraft.client.gl.VertexBuffer
[18:49:18] [Render thread/DEBUG] (FabricLoader/Mixin) meteor-client.mixins.json:VertexBufferMixin from mod meteor-client->@Inject::onConfigureIndexBuffer(Lnet/minecraft/client/render/BuiltBuffer$DrawParameters;Ljava/nio/ByteBuffer;Lorg/spongepowered/asm/mixin/injection/callback/CallbackInfoReturnable;)V does use it's CallbackInfoReturnable
[18:49:18] [Render thread/DEBUG] (FabricLoader/Mixin) meteor-client.mixins.json:VertexBufferMixin from mod meteor-client->@Inject::onConfigureIndexBuffer(Lnet/minecraft/client/render/BuiltBuffer$DrawParameters;Ljava/nio/ByteBuffer;Lorg/spongepowered/asm/mixin/injection/callback/CallbackInfoReturnable;)V does use it's CallbackInfoReturnable
[18:49:18] [Render thread/DEBUG] (FabricLoader/Mixin) Mixing BufferRendererAccessor from meteor-client.mixins.json into net.minecraft.client.render.BufferRenderer
[18:49:18] [Render thread/DEBUG] (FabricLoader/Mixin) Renaming @Accessor method setCurrentVertexBuffer(Lnet/minecraft/client/gl/VertexBuffer;)V to setCurrentVertexBuffer$meteor-client_$md$809e22$0 in meteor-client.mixins.json:BufferRendererAccessor from mod meteor-client
[18:49:18] [Render thread/DEBUG] (FabricLoader/Mixin) Mixing BufferBuilderAccessor from meteor-client.mixins.json into net.minecraft.client.render.BufferBuilder
[18:49:18] [Render thread/DEBUG] (com.mojang.blaze3d.systems.RenderSystem) Growing IndexBuffer: Old limit 0, new limit 9360.
[18:49:18] [Render thread/DEBUG] (com.mojang.blaze3d.systems.RenderSystem) Growing IndexBuffer: Old limit 0, new limit 20.
[18:49:18] [Render thread/DEBUG] (FabricLoader/Mixin) Mixing InGameHudMixin from meteor-client.mixins.json into net.minecraft.client.gui.hud.InGameHud
[18:49:18] [Render thread/DEBUG] (FabricLoader/Mixin) meteor-client.mixins.json:InGameHudMixin from mod meteor-client->@Inject::onRender(Lnet/minecraft/client/gui/DrawContext;Lnet/minecraft/client/render/RenderTickCounter;Lorg/spongepowered/asm/mixin/injection/callback/CallbackInfo;)V doesn't use it's CallbackInfo
[18:49:18] [Render thread/DEBUG] (FabricLoader/Mixin) meteor-client.mixins.json:InGameHudMixin from mod meteor-client->@Inject::onRender(Lnet/minecraft/client/gui/DrawContext;Lnet/minecraft/client/render/RenderTickCounter;Lorg/spongepowered/asm/mixin/injection/callback/CallbackInfo;)V has 0 override(s) in child classes
[18:49:18] [Render thread/DEBUG] (FabricLoader/Mixin) meteor-client.mixins.json:InGameHudMixin from mod meteor-client->@Inject::onRender(Lnet/minecraft/client/gui/DrawContext;Lnet/minecraft/client/render/RenderTickCounter;Lorg/spongepowered/asm/mixin/injection/callback/CallbackInfo;)V won't be passed a CallbackInfo as a result
[18:49:18] [Render thread/DEBUG] (FabricLoader/Mixin) meteor-client.mixins.json:InGameHudMixin from mod meteor-client->@Inject::onRenderStatusEffectOverlay(Lorg/spongepowered/asm/mixin/injection/callback/CallbackInfo;)V does use it's CallbackInfo
[18:49:18] [Render thread/DEBUG] (FabricLoader/Mixin) meteor-client.mixins.json:InGameHudMixin from mod meteor-client->@Inject::onRenderPortalOverlay(Lnet/minecraft/client/gui/DrawContext;FLorg/spongepowered/asm/mixin/injection/callback/CallbackInfo;)V does use it's CallbackInfo
[18:49:18] [Render thread/DEBUG] (FabricLoader/Mixin) ArgsClassGenerator assigning org.spongepowered.asm.synthetic.args.Args$6 for descriptor (Lnet/minecraft/client/gui/DrawContext;Lnet/minecraft/util/Identifier;F)V
[18:49:18] [Render thread/DEBUG] (FabricLoader/Mixin) meteor-client.mixins.json:InGameHudMixin from mod meteor-client->@Inject::onRenderVignetteOverlay(Lnet/minecraft/client/gui/DrawContext;Lnet/minecraft/entity/Entity;Lorg/spongepowered/asm/mixin/injection/callback/CallbackInfo;)V does use it's CallbackInfo
[18:49:18] [Render thread/DEBUG] (FabricLoader/Mixin) meteor-client.mixins.json:InGameHudMixin from mod meteor-client->@Inject::onRenderScoreboardSidebar(Lnet/minecraft/client/gui/DrawContext;Lnet/minecraft/scoreboard/ScoreboardObjective;Lorg/spongepowered/asm/mixin/injection/callback/CallbackInfo;)V does use it's CallbackInfo
[18:49:18] [Render thread/DEBUG] (FabricLoader/Mixin) meteor-client.mixins.json:InGameHudMixin from mod meteor-client->@Inject::onRenderScoreboardSidebar(Lnet/minecraft/client/gui/DrawContext;Lnet/minecraft/client/render/RenderTickCounter;Lorg/spongepowered/asm/mixin/injection/callback/CallbackInfo;)V does use it's CallbackInfo
[18:49:18] [Render thread/DEBUG] (FabricLoader/Mixin) meteor-client.mixins.json:InGameHudMixin from mod meteor-client->@Inject::onRenderSpyglassOverlay(Lnet/minecraft/client/gui/DrawContext;FLorg/spongepowered/asm/mixin/injection/callback/CallbackInfo;)V does use it's CallbackInfo
[18:49:18] [Render thread/DEBUG] (FabricLoader/Mixin) meteor-client.mixins.json:InGameHudMixin from mod meteor-client->@Inject::onRenderCrosshair(Lnet/minecraft/client/gui/DrawContext;Lnet/minecraft/client/render/RenderTickCounter;Lorg/spongepowered/asm/mixin/injection/callback/CallbackInfo;)V does use it's CallbackInfo
[18:49:18] [Render thread/DEBUG] (FabricLoader/Mixin) meteor-client.mixins.json:InGameHudMixin from mod meteor-client->@Inject::onRenderTitle(Lnet/minecraft/client/gui/DrawContext;Lnet/minecraft/client/render/RenderTickCounter;Lorg/spongepowered/asm/mixin/injection/callback/CallbackInfo;)V does use it's CallbackInfo
[18:49:18] [Render thread/DEBUG] (FabricLoader/Mixin) meteor-client.mixins.json:InGameHudMixin from mod meteor-client->@Inject::onRenderHeldItemTooltip(Lnet/minecraft/client/gui/DrawContext;Lorg/spongepowered/asm/mixin/injection/callback/CallbackInfo;)V does use it's CallbackInfo
[18:49:18] [Render thread/DEBUG] (FabricLoader/Mixin) meteor-client.mixins.json:InGameHudMixin from mod meteor-client->@Inject::onClear(Lorg/spongepowered/asm/mixin/injection/callback/CallbackInfo;)V does use it's CallbackInfo
[18:49:18] [Render thread/DEBUG] (FabricLoader/Mixin) Mixing MinecraftServerAccessor from meteor-client.mixins.json into net.minecraft.server.MinecraftServer
[18:49:18] [Render thread/DEBUG] (FabricLoader/Mixin) Mixing MinecraftServerMixin from fabric-resource-loader-v0.mixins.json into net.minecraft.server.MinecraftServer
[18:49:18] [Render thread/DEBUG] (FabricLoader/Mixin) fabric-resource-loader-v0.mixins.json:MinecraftServerMixin from mod fabric-resource-loader-v0: Class version 65 required is higher than the class version supported by the current version of Mixin (JAVA_17 supports class version 61)
[18:49:18] [Render thread/DEBUG] (FabricLoader/Mixin) Renaming synthetic method lambda$init$0(Lnet/minecraft/resource/ResourcePack;)Ljava/util/stream/Stream; to md809e22$fabric-resource-loader-v0$lambda$init$0$0 in fabric-resource-loader-v0.mixins.json:MinecraftServerMixin from mod fabric-resource-loader-v0
[18:49:18] [Render thread/DEBUG] (FabricLoader/Mixin) fabric-resource-loader-v0.mixins.json:MinecraftServerMixin from mod fabric-resource-loader-v0->@Inject::init(Ljava/lang/Thread;Lnet/minecraft/world/level/storage/LevelStorage$Session;Lnet/minecraft/resource/ResourcePackManager;Lnet/minecraft/server/SaveLoader;Ljava/net/Proxy;Lcom/mojang/datafixers/DataFixer;Lnet/minecraft/util/ApiServices;Lnet/minecraft/server/WorldGenerationProgressListenerFactory;Lorg/spongepowered/asm/mixin/injection/callback/CallbackInfo;)V doesn't use it's CallbackInfo
[18:49:18] [Render thread/DEBUG] (FabricLoader/Mixin) fabric-resource-loader-v0.mixins.json:MinecraftServerMixin from mod fabric-resource-loader-v0->@Inject::init(Ljava/lang/Thread;Lnet/minecraft/world/level/storage/LevelStorage$Session;Lnet/minecraft/resource/ResourcePackManager;Lnet/minecraft/server/SaveLoader;Ljava/net/Proxy;Lcom/mojang/datafixers/DataFixer;Lnet/minecraft/util/ApiServices;Lnet/minecraft/server/WorldGenerationProgressListenerFactory;Lorg/spongepowered/asm/mixin/injection/callback/CallbackInfo;)V has 0 override(s) in child classes
[18:49:18] [Render thread/DEBUG] (FabricLoader/Mixin) fabric-resource-loader-v0.mixins.json:MinecraftServerMixin from mod fabric-resource-loader-v0->@Inject::init(Ljava/lang/Thread;Lnet/minecraft/world/level/storage/LevelStorage$Session;Lnet/minecraft/resource/ResourcePackManager;Lnet/minecraft/server/SaveLoader;Ljava/net/Proxy;Lcom/mojang/datafixers/DataFixer;Lnet/minecraft/util/ApiServices;Lnet/minecraft/server/WorldGenerationProgressListenerFactory;Lorg/spongepowered/asm/mixin/injection/callback/CallbackInfo;)V won't be passed a CallbackInfo as a result
[18:49:18] [Render thread/DEBUG] (FabricLoader/Mixin) Mixing PlayerListHudMixin from meteor-client.mixins.json into net.minecraft.client.gui.hud.PlayerListHud
[18:49:18] [Render thread/DEBUG] (FabricLoader/Mixin) meteor-client.mixins.json:PlayerListHudMixin from mod meteor-client->@Inject::getPlayerName(Lnet/minecraft/client/network/PlayerListEntry;Lorg/spongepowered/asm/mixin/injection/callback/CallbackInfoReturnable;)V does use it's CallbackInfoReturnable
[18:49:18] [Render thread/DEBUG] (FabricLoader/Mixin) meteor-client.mixins.json:PlayerListHudMixin from mod meteor-client->@Inject::modifyHeight(Lorg/spongepowered/asm/mixin/injection/callback/CallbackInfo;)V doesn't use it's CallbackInfo
[18:49:18] [Render thread/DEBUG] (FabricLoader/Mixin) meteor-client.mixins.json:PlayerListHudMixin from mod meteor-client->@Inject::modifyHeight(Lorg/spongepowered/asm/mixin/injection/callback/CallbackInfo;)V has 0 override(s) in child classes
[18:49:18] [Render thread/DEBUG] (FabricLoader/Mixin) meteor-client.mixins.json:PlayerListHudMixin from mod meteor-client->@Inject::modifyHeight(Lorg/spongepowered/asm/mixin/injection/callback/CallbackInfo;)V won't be passed a CallbackInfo as a result
[18:49:18] [Render thread/DEBUG] (FabricLoader/Mixin) meteor-client.mixins.json:PlayerListHudMixin from mod meteor-client->@Inject::onRenderLatencyIcon(Lnet/minecraft/client/gui/DrawContext;IIILnet/minecraft/client/network/PlayerListEntry;Lorg/spongepowered/asm/mixin/injection/callback/CallbackInfo;)V does use it's CallbackInfo
[18:49:18] [Render thread/DEBUG] (FabricLoader/Mixin) Mixing PlayerListEntryMixin from meteor-client.mixins.json into net.minecraft.client.network.PlayerListEntry
[18:49:18] [Render thread/DEBUG] (FabricLoader/Mixin) meteor-client.mixins.json:PlayerListEntryMixin from mod meteor-client->@Inject::onGetTexture(Lorg/spongepowered/asm/mixin/injection/callback/CallbackInfoReturnable;)V does use it's CallbackInfoReturnable
[18:49:18] [Render thread/DEBUG] (FabricLoader/Mixin) Mixing BossBarHudMixin from meteor-client.mixins.json into net.minecraft.client.gui.hud.BossBarHud
[18:49:18] [Render thread/DEBUG] (FabricLoader/Mixin) meteor-client.mixins.json:BossBarHudMixin from mod meteor-client->@Inject::onRender(Lorg/spongepowered/asm/mixin/injection/callback/CallbackInfo;)V does use it's CallbackInfo
[18:49:18] [Render thread/DEBUG] (FabricLoader/Mixin) Mixing DrawContextMixin from meteor-client.mixins.json into net.minecraft.client.gui.DrawContext
[18:49:18] [Render thread/DEBUG] (FabricLoader/Mixin) meteor-client.mixins.json:DrawContextMixin from mod meteor-client->@Inject::onDrawTooltip(Lnet/minecraft/client/font/TextRenderer;Ljava/util/List;Ljava/util/Optional;IILorg/spongepowered/asm/mixin/injection/callback/CallbackInfo;Ljava/util/List;)V doesn't use it's CallbackInfo
[18:49:18] [Render thread/DEBUG] (FabricLoader/Mixin) meteor-client.mixins.json:DrawContextMixin from mod meteor-client->@Inject::onDrawTooltip(Lnet/minecraft/client/font/TextRenderer;Ljava/util/List;Ljava/util/Optional;IILorg/spongepowered/asm/mixin/injection/callback/CallbackInfo;Ljava/util/List;)V has 0 override(s) in child classes
[18:49:18] [Render thread/DEBUG] (FabricLoader/Mixin) meteor-client.mixins.json:DrawContextMixin from mod meteor-client->@Inject::onDrawTooltip(Lnet/minecraft/client/font/TextRenderer;Ljava/util/List;Ljava/util/Optional;IILorg/spongepowered/asm/mixin/injection/callback/CallbackInfo;Ljava/util/List;)V won't be passed a CallbackInfo as a result
[18:49:18] [Render thread/DEBUG] (FabricLoader/Mixin) Mixing ChunkBorderDebugRendererMixin from meteor-client.mixins.json into net.minecraft.client.render.debug.ChunkBorderDebugRenderer
[18:49:18] [Render thread/DEBUG] (FabricLoader/Mixin) Mixing ResourceMixin from fabric-resource-loader-v0.mixins.json into net.minecraft.resource.Resource
[18:49:18] [Render thread/DEBUG] (FabricLoader/Mixin) fabric-resource-loader-v0.mixins.json:ResourceMixin from mod fabric-resource-loader-v0: Class version 65 required is higher than the class version supported by the current version of Mixin (JAVA_17 supports class version 61)
[18:49:18] [Render thread/DEBUG] (FabricLoader/Mixin) Mixing StringHelperMixin from meteor-client.mixins.json into net.minecraft.util.StringHelper
[18:49:19] [Render thread/DEBUG] (FabricLoader/Mixin) Mixing MessageHandlerMixin from meteor-client.mixins.json into net.minecraft.client.network.message.MessageHandler
[18:49:19] [Render thread/DEBUG] (FabricLoader/Mixin) meteor-client.mixins.json:MessageHandlerMixin from mod meteor-client->@Inject::onProcessChatMessageInternal_beforeAddMessage(Lnet/minecraft/network/message/MessageType$Parameters;Lnet/minecraft/network/message/SignedMessage;Lnet/minecraft/text/Text;Lcom/mojang/authlib/GameProfile;ZLjava/time/Instant;Lorg/spongepowered/asm/mixin/injection/callback/CallbackInfoReturnable;)V doesn't use it's CallbackInfoReturnable
[18:49:19] [Render thread/DEBUG] (FabricLoader/Mixin) meteor-client.mixins.json:MessageHandlerMixin from mod meteor-client->@Inject::onProcessChatMessageInternal_beforeAddMessage(Lnet/minecraft/network/message/MessageType$Parameters;Lnet/minecraft/network/message/SignedMessage;Lnet/minecraft/text/Text;Lcom/mojang/authlib/GameProfile;ZLjava/time/Instant;Lorg/spongepowered/asm/mixin/injection/callback/CallbackInfoReturnable;)V has 0 override(s) in child classes
[18:49:19] [Render thread/DEBUG] (FabricLoader/Mixin) meteor-client.mixins.json:MessageHandlerMixin from mod meteor-client->@Inject::onProcessChatMessageInternal_beforeAddMessage(Lnet/minecraft/network/message/MessageType$Parameters;Lnet/minecraft/network/message/SignedMessage;Lnet/minecraft/text/Text;Lcom/mojang/authlib/GameProfile;ZLjava/time/Instant;Lorg/spongepowered/asm/mixin/injection/callback/CallbackInfoReturnable;)V won't be passed a CallbackInfoReturnable as a result
[18:49:19] [Render thread/DEBUG] (FabricLoader/Mixin) meteor-client.mixins.json:MessageHandlerMixin from mod meteor-client->@Inject::onProcessChatMessageInternal_beforeAddMessage(Lnet/minecraft/network/message/MessageType$Parameters;Lnet/minecraft/network/message/SignedMessage;Lnet/minecraft/text/Text;Lcom/mojang/authlib/GameProfile;ZLjava/time/Instant;Lorg/spongepowered/asm/mixin/injection/callback/CallbackInfoReturnable;)V doesn't use it's CallbackInfoReturnable
[18:49:19] [Render thread/DEBUG] (FabricLoader/Mixin) meteor-client.mixins.json:MessageHandlerMixin from mod meteor-client->@Inject::onProcessChatMessageInternal_beforeAddMessage(Lnet/minecraft/network/message/MessageType$Parameters;Lnet/minecraft/network/message/SignedMessage;Lnet/minecraft/text/Text;Lcom/mojang/authlib/GameProfile;ZLjava/time/Instant;Lorg/spongepowered/asm/mixin/injection/callback/CallbackInfoReturnable;)V has 0 override(s) in child classes
[18:49:19] [Render thread/DEBUG] (FabricLoader/Mixin) meteor-client.mixins.json:MessageHandlerMixin from mod meteor-client->@Inject::onProcessChatMessageInternal_beforeAddMessage(Lnet/minecraft/network/message/MessageType$Parameters;Lnet/minecraft/network/message/SignedMessage;Lnet/minecraft/text/Text;Lcom/mojang/authlib/GameProfile;ZLjava/time/Instant;Lorg/spongepowered/asm/mixin/injection/callback/CallbackInfoReturnable;)V won't be passed a CallbackInfoReturnable as a result
[18:49:19] [Render thread/DEBUG] (FabricLoader/Mixin) meteor-client.mixins.json:MessageHandlerMixin from mod meteor-client->@Inject::onProcessChatMessageInternal_afterAddMessage(Lnet/minecraft/network/message/MessageType$Parameters;Lnet/minecraft/network/message/SignedMessage;Lnet/minecraft/text/Text;Lcom/mojang/authlib/GameProfile;ZLjava/time/Instant;Lorg/spongepowered/asm/mixin/injection/callback/CallbackInfoReturnable;)V doesn't use it's CallbackInfoReturnable
[18:49:19] [Render thread/DEBUG] (FabricLoader/Mixin) meteor-client.mixins.json:MessageHandlerMixin from mod meteor-client->@Inject::onProcessChatMessageInternal_afterAddMessage(Lnet/minecraft/network/message/MessageType$Parameters;Lnet/minecraft/network/message/SignedMessage;Lnet/minecraft/text/Text;Lcom/mojang/authlib/GameProfile;ZLjava/time/Instant;Lorg/spongepowered/asm/mixin/injection/callback/CallbackInfoReturnable;)V has 0 override(s) in child classes
[18:49:19] [Render thread/DEBUG] (FabricLoader/Mixin) meteor-client.mixins.json:MessageHandlerMixin from mod meteor-client->@Inject::onProcessChatMessageInternal_afterAddMessage(Lnet/minecraft/network/message/MessageType$Parameters;Lnet/minecraft/network/message/SignedMessage;Lnet/minecraft/text/Text;Lcom/mojang/authlib/GameProfile;ZLjava/time/Instant;Lorg/spongepowered/asm/mixin/injection/callback/CallbackInfoReturnable;)V won't be passed a CallbackInfoReturnable as a result
[18:49:19] [Render thread/DEBUG] (FabricLoader/Mixin) meteor-client.mixins.json:MessageHandlerMixin from mod meteor-client->@Inject::onProcessChatMessageInternal_afterAddMessage(Lnet/minecraft/network/message/MessageType$Parameters;Lnet/minecraft/network/message/SignedMessage;Lnet/minecraft/text/Text;Lcom/mojang/authlib/GameProfile;ZLjava/time/Instant;Lorg/spongepowered/asm/mixin/injection/callback/CallbackInfoReturnable;)V doesn't use it's CallbackInfoReturnable
[18:49:19] [Render thread/DEBUG] (FabricLoader/Mixin) meteor-client.mixins.json:MessageHandlerMixin from mod meteor-client->@Inject::onProcessChatMessageInternal_afterAddMessage(Lnet/minecraft/network/message/MessageType$Parameters;Lnet/minecraft/network/message/SignedMessage;Lnet/minecraft/text/Text;Lcom/mojang/authlib/GameProfile;ZLjava/time/Instant;Lorg/spongepowered/asm/mixin/injection/callback/CallbackInfoReturnable;)V has 0 override(s) in child classes
[18:49:19] [Render thread/DEBUG] (FabricLoader/Mixin) meteor-client.mixins.json:MessageHandlerMixin from mod meteor-client->@Inject::onProcessChatMessageInternal_afterAddMessage(Lnet/minecraft/network/message/MessageType$Parameters;Lnet/minecraft/network/message/SignedMessage;Lnet/minecraft/text/Text;Lcom/mojang/authlib/GameProfile;ZLjava/time/Instant;Lorg/spongepowered/asm/mixin/injection/callback/CallbackInfoReturnable;)V won't be passed a CallbackInfoReturnable as a result
[18:49:19] [Render thread/DEBUG] (FabricLoader/Mixin) Mixing accessor.WidgetScreenAccessor from ametium-addon.mixins.json into meteordevelopment.meteorclient.gui.WidgetScreen
[18:49:19] [Render thread/DEBUG] (FabricLoader/Mixin) Mixing TextVisitFactoryMixin from meteor-client.mixins.json into net.minecraft.text.TextVisitFactory
[18:49:19] [Render thread/DEBUG] (FabricLoader/Mixin) Mixing ReloadStateAccessor from meteor-client.mixins.json into net.minecraft.client.resource.ResourceReloadLogger$ReloadState
[18:49:19] [Render thread/INFO] (net.minecraft.resource.ReloadableResourceManagerImpl) Reloading ResourceManager: vanilla, fabric, ametium-addon, fabric-resource-loader-v0, fabricloader, meteor-client
[18:49:19] [Render thread/DEBUG] (FabricLoader/Mixin) Mixing SimpleResourceReloadMixin from fabric-resource-loader-v0.mixins.json into net.minecraft.resource.SimpleResourceReload
[18:49:19] [Render thread/DEBUG] (FabricLoader/Mixin) fabric-resource-loader-v0.mixins.json:SimpleResourceReloadMixin from mod fabric-resource-loader-v0: Class version 65 required is higher than the class version supported by the current version of Mixin (JAVA_17 supports class version 61)
[18:49:19] [Render thread/DEBUG] (FabricLoader/Mixin) fabric-resource-loader-v0.mixins.json:SimpleResourceReloadMixin from mod fabric-resource-loader-v0->@Inject::method_40087(Lnet/minecraft/resource/ResourceManager;Ljava/util/List;Ljava/util/concurrent/Executor;Ljava/util/concurrent/Executor;Ljava/util/concurrent/CompletableFuture;ZLorg/spongepowered/asm/mixin/injection/callback/CallbackInfoReturnable;)V doesn't use it's CallbackInfoReturnable
[18:49:19] [Render thread/DEBUG] (FabricLoader/Mixin) Mixing MultiplayerScreenMixin from meteor-client.mixins.json into net.minecraft.client.gui.screen.multiplayer.MultiplayerScreen
[18:49:19] [Render thread/DEBUG] (FabricLoader/Mixin) Renaming synthetic method lambda$onInit$1(Lnet/minecraft/client/gui/widget/ButtonWidget;)V to md809e22$meteor-client$lambda$onInit$1$0 in meteor-client.mixins.json:MultiplayerScreenMixin from mod meteor-client
[18:49:19] [Render thread/DEBUG] (FabricLoader/Mixin) Renaming synthetic method lambda$onInit$0(Lnet/minecraft/client/gui/widget/ButtonWidget;)V to md809e22$meteor-client$lambda$onInit$0$1 in meteor-client.mixins.json:MultiplayerScreenMixin from mod meteor-client
[18:49:19] [Render thread/DEBUG] (FabricLoader/Mixin) meteor-client.mixins.json:MultiplayerScreenMixin from mod meteor-client->@Inject::onInit(Lorg/spongepowered/asm/mixin/injection/callback/CallbackInfo;)V doesn't use it's CallbackInfo
[18:49:19] [Render thread/DEBUG] (FabricLoader/Mixin) meteor-client.mixins.json:MultiplayerScreenMixin from mod meteor-client->@Inject::onInit(Lorg/spongepowered/asm/mixin/injection/callback/CallbackInfo;)V has 0 override(s) in child classes
[18:49:19] [Render thread/DEBUG] (FabricLoader/Mixin) meteor-client.mixins.json:MultiplayerScreenMixin from mod meteor-client->@Inject::onInit(Lorg/spongepowered/asm/mixin/injection/callback/CallbackInfo;)V won't be passed a CallbackInfo as a result
[18:49:19] [Render thread/DEBUG] (FabricLoader/Mixin) meteor-client.mixins.json:MultiplayerScreenMixin from mod meteor-client->@Inject::onRender(Lnet/minecraft/client/gui/DrawContext;IIFLorg/spongepowered/asm/mixin/injection/callback/CallbackInfo;)V doesn't use it's CallbackInfo
[18:49:19] [Render thread/DEBUG] (FabricLoader/Mixin) meteor-client.mixins.json:MultiplayerScreenMixin from mod meteor-client->@Inject::onRender(Lnet/minecraft/client/gui/DrawContext;IIFLorg/spongepowered/asm/mixin/injection/callback/CallbackInfo;)V has 0 override(s) in child classes
[18:49:19] [Render thread/DEBUG] (FabricLoader/Mixin) meteor-client.mixins.json:MultiplayerScreenMixin from mod meteor-client->@Inject::onRender(Lnet/minecraft/client/gui/DrawContext;IIFLorg/spongepowered/asm/mixin/injection/callback/CallbackInfo;)V won't be passed a CallbackInfo as a result
[18:49:19] [Render thread/INFO] (Meteor Client) Initializing Meteor Client
[18:49:19] [Worker-Main-7/INFO] (net.minecraft.client.font.UnihexFont) Found unifont_all_no_pua-15.1.05.hex, loading
[18:49:19] [Worker-Main-9/INFO] (net.minecraft.client.font.UnihexFont) Found unifont_jp_patch-15.1.05.hex, loading
[18:49:19] [Render thread/INFO] (org.reflections.Reflections) Reflections took 201 ms to scan 1 urls, producing 24 keys and 959 values
[18:49:19] [Render thread/INFO] (org.reflections.Reflections) Reflections took 10 ms to scan 1 urls, producing 7 keys and 39 values
[18:49:19] [Render thread/DEBUG] (FabricLoader/Mixin) Mixing TabsMixin from ametium-addon.mixins.json into meteordevelopment.meteorclient.gui.tabs.Tabs
[18:49:19] [Render thread/DEBUG] (FabricLoader/Mixin) ametium-addon.mixins.json:TabsMixin from mod ametium-addon->@Inject::onInit(Lorg/spongepowered/asm/mixin/injection/callback/CallbackInfo;)V doesn't use it's CallbackInfo
[18:49:20] [Render thread/WARN] (Meteor Client) Failed to load system font .SF NS Mono Regular (/System/Library/Fonts/SFNSMonoItalic.ttf)
[18:49:20] [Render thread/WARN] (Meteor Client) Failed to load system font .New York Regular (/System/Library/Fonts/NewYorkItalic.ttf)
[18:49:20] [Render thread/WARN] (Meteor Client) Failed to load system font .SF Compact Regular (/System/Library/Fonts/SFCompactItalic.ttf)
[18:49:20] [Render thread/WARN] (Meteor Client) Failed to load system font System Font Regular (/System/Library/Fonts/SFNSItalic.ttf)
[18:49:20] [Render thread/INFO] (Meteor Client) Found 146 font families.
[18:49:20] [Render thread/INFO] (Meteor Client) Path Manager: none
[18:49:20] [Render thread/DEBUG] (FabricLoader/Mixin) Mixing PlayerMoveC2SPacketAccessor from meteor-client.mixins.json into net.minecraft.network.packet.c2s.play.PlayerMoveC2SPacket
[18:49:20] [Render thread/DEBUG] (FabricLoader/Mixin) Mixing PlayerMoveC2SPacketMixin from meteor-client.mixins.json into net.minecraft.network.packet.c2s.play.PlayerMoveC2SPacket
[18:49:20] [Render thread/DEBUG] (FabricLoader/Mixin) Mixing PlayerMoveC2SPacketAccessor from ametium-addon.mixins.json into net.minecraft.network.packet.c2s.play.PlayerMoveC2SPacket
[18:49:20] [Render thread/DEBUG] (FabricLoader/Mixin) Unexpected: Registered method setY(D)V in net.minecraft.network.packet.c2s.play.PlayerMoveC2SPacket was not merged
[18:49:20] [Render thread/DEBUG] (FabricLoader/Mixin) Unexpected: Registered method setOnGround(Z)V in net.minecraft.network.packet.c2s.play.PlayerMoveC2SPacket was not merged
[18:49:20] [Render thread/DEBUG] (io.netty.util.internal.InternalThreadLocalMap) -Dio.netty.threadLocalMap.stringBuilder.initialSize: 1024
[18:49:20] [Render thread/DEBUG] (io.netty.util.internal.InternalThreadLocalMap) -Dio.netty.threadLocalMap.stringBuilder.maxSize: 4096
[18:49:20] [Render thread/DEBUG] (io.netty.util.internal.ThreadLocalRandom) -Dio.netty.initialSeedUniquifier: 0x7d1b255a6bc7eaf3
[18:49:20] [Render thread/INFO] (com.ametium.addon.AmetiumAddon) Initializing Ametium Addon
[18:49:20] [Render thread/INFO] (Meteor Client) Loading
[18:49:20] [Render thread/INFO] (Meteor Client) Loaded in 35 milliseconds
[18:49:20] [Worker-Main-2/DEBUG] (FabricLoader/Mixin) Mixing BakedQuadMixin from meteor-client.mixins.json into net.minecraft.client.render.model.BakedQuad
[18:49:20] [Render thread/DEBUG] (FabricLoader/Mixin) Mixing BackgroundRendererMixin from meteor-client.mixins.json into net.minecraft.client.render.BackgroundRenderer
[18:49:20] [Render thread/DEBUG] (FabricLoader/Mixin) meteor-client.mixins.json:BackgroundRendererMixin from mod meteor-client->@Inject::onApplyFog(Lnet/minecraft/client/render/Camera;Lnet/minecraft/client/render/BackgroundRenderer$FogType;FZFLorg/spongepowered/asm/mixin/injection/callback/CallbackInfo;)V doesn't use it's CallbackInfo
[18:49:20] [Render thread/DEBUG] (FabricLoader/Mixin) meteor-client.mixins.json:BackgroundRendererMixin from mod meteor-client->@Inject::onGetFogModifier(Lnet/minecraft/entity/Entity;FLorg/spongepowered/asm/mixin/injection/callback/CallbackInfoReturnable;)V does use it's CallbackInfoReturnable
[18:49:21] [Render thread/WARN] (net.minecraft.client.sound.SoundSystem) Missing sound for event: minecraft:item.goat_horn.play
[18:49:21] [Render thread/WARN] (net.minecraft.client.sound.SoundSystem) Missing sound for event: minecraft:entity.goat.screaming.horn_break
[18:49:21] [Render thread/INFO] (net.minecraft.client.sound.SoundEngine) OpenAL initialized on device Bocinas de MacBook Pro
[18:49:21] [Render thread/INFO] (net.minecraft.client.sound.SoundSystem) Sound engine started
[18:49:21] [Render thread/DEBUG] (FabricLoader/Mixin) Mixing FoliageColorsMixin from meteor-client.mixins.json into net.minecraft.world.biome.FoliageColors
[18:49:21] [Render thread/INFO] (net.minecraft.client.texture.SpriteAtlasTexture) Created: 1024x512x4 minecraft:textures/atlas/blocks.png-atlas
[18:49:21] [Render thread/INFO] (net.minecraft.client.texture.SpriteAtlasTexture) Created: 256x256x4 minecraft:textures/atlas/signs.png-atlas
[18:49:21] [Render thread/INFO] (net.minecraft.client.texture.SpriteAtlasTexture) Created: 512x512x4 minecraft:textures/atlas/shield_patterns.png-atlas
[18:49:21] [Render thread/INFO] (net.minecraft.client.texture.SpriteAtlasTexture) Created: 512x512x4 minecraft:textures/atlas/banner_patterns.png-atlas
[18:49:21] [Render thread/INFO] (net.minecraft.client.texture.SpriteAtlasTexture) Created: 1024x1024x4 minecraft:textures/atlas/armor_trims.png-atlas
[18:49:21] [Render thread/INFO] (net.minecraft.client.texture.SpriteAtlasTexture) Created: 256x256x4 minecraft:textures/atlas/chest.png-atlas
[18:49:21] [Render thread/INFO] (net.minecraft.client.texture.SpriteAtlasTexture) Created: 128x64x4 minecraft:textures/atlas/decorated_pot.png-atlas
[18:49:21] [Render thread/INFO] (net.minecraft.client.texture.SpriteAtlasTexture) Created: 512x256x4 minecraft:textures/atlas/shulker_boxes.png-atlas
[18:49:21] [Render thread/INFO] (net.minecraft.client.texture.SpriteAtlasTexture) Created: 512x256x4 minecraft:textures/atlas/beds.png-atlas
[18:49:21] [Render thread/DEBUG] (FabricLoader/Mixin) Mixing BannerBlockEntityRendererMixin from meteor-client.mixins.json into net.minecraft.client.render.block.entity.BannerBlockEntityRenderer
[18:49:21] [Render thread/DEBUG] (FabricLoader/Mixin) meteor-client.mixins.json:BannerBlockEntityRendererMixin from mod meteor-client->@Inject::render(Lnet/minecraft/block/entity/BannerBlockEntity;FLnet/minecraft/client/util/math/MatrixStack;Lnet/minecraft/client/render/VertexConsumerProvider;IILorg/spongepowered/asm/mixin/injection/callback/CallbackInfo;)V does use it's CallbackInfo
[18:49:21] [Render thread/DEBUG] (FabricLoader/Mixin) Mixing EntityRendererMixin from meteor-client.mixins.json into net.minecraft.client.render.entity.EntityRenderer
[18:49:21] [Render thread/DEBUG] (FabricLoader/Mixin) meteor-client.mixins.json:EntityRendererMixin from mod meteor-client->@Inject::onRenderLabel(Lnet/minecraft/entity/Entity;Lnet/minecraft/text/Text;Lnet/minecraft/client/util/math/MatrixStack;Lnet/minecraft/client/render/VertexConsumerProvider;IFLorg/spongepowered/asm/mixin/injection/callback/CallbackInfo;)V does use it's CallbackInfo
[18:49:21] [Render thread/DEBUG] (FabricLoader/Mixin) meteor-client.mixins.json:EntityRendererMixin from mod meteor-client->@Inject::shouldRender(Lnet/minecraft/entity/Entity;Lnet/minecraft/client/render/Frustum;DDDLorg/spongepowered/asm/mixin/injection/callback/CallbackInfoReturnable;)V does use it's CallbackInfoReturnable
[18:49:21] [Render thread/DEBUG] (FabricLoader/Mixin) Mixing EndCrystalEntityRendererMixin from meteor-client.mixins.json into net.minecraft.client.render.entity.EndCrystalEntityRenderer
[18:49:21] [Render thread/DEBUG] (FabricLoader/Mixin) meteor-client.mixins.json:EndCrystalEntityRendererMixin from mod meteor-client->@Inject::render(Lnet/minecraft/entity/decoration/EndCrystalEntity;FFLnet/minecraft/client/util/math/MatrixStack;Lnet/minecraft/client/render/VertexConsumerProvider;ILorg/spongepowered/asm/mixin/injection/callback/CallbackInfo;)V doesn't use it's CallbackInfo
[18:49:21] [Render thread/DEBUG] (FabricLoader/Mixin) meteor-client.mixins.json:EndCrystalEntityRendererMixin from mod meteor-client->@Inject::render(Lnet/minecraft/entity/decoration/EndCrystalEntity;FFLnet/minecraft/client/util/math/MatrixStack;Lnet/minecraft/client/render/VertexConsumerProvider;ILorg/spongepowered/asm/mixin/injection/callback/CallbackInfo;)V has 0 override(s) in child classes
[18:49:21] [Render thread/DEBUG] (FabricLoader/Mixin) meteor-client.mixins.json:EndCrystalEntityRendererMixin from mod meteor-client->@Inject::render(Lnet/minecraft/entity/decoration/EndCrystalEntity;FFLnet/minecraft/client/util/math/MatrixStack;Lnet/minecraft/client/render/VertexConsumerProvider;ILorg/spongepowered/asm/mixin/injection/callback/CallbackInfo;)V won't be passed a CallbackInfo as a result
[18:49:21] [Render thread/DEBUG] (FabricLoader/Mixin) ArgsClassGenerator assigning org.spongepowered.asm.synthetic.args.Args$7 for descriptor (FFF)V
[18:49:21] [Render thread/DEBUG] (FabricLoader/Mixin) ArgsClassGenerator assigning org.spongepowered.asm.synthetic.args.Args$8 for descriptor (F)V
[18:49:21] [Render thread/DEBUG] (FabricLoader/Mixin) Mixing SignBlockEntityRendererMixin from meteor-client.mixins.json into net.minecraft.client.render.block.entity.SignBlockEntityRenderer
[18:49:21] [Render thread/DEBUG] (FabricLoader/Mixin) Mixing MobSpawnerBlockEntityRendererMixin from meteor-client.mixins.json into net.minecraft.client.render.block.entity.MobSpawnerBlockEntityRenderer
[18:49:21] [Render thread/DEBUG] (FabricLoader/Mixin) meteor-client.mixins.json:MobSpawnerBlockEntityRendererMixin from mod meteor-client->@Inject::onRender(Lorg/spongepowered/asm/mixin/injection/callback/CallbackInfo;)V does use it's CallbackInfo
[18:49:21] [Render thread/DEBUG] (FabricLoader/Mixin) Mixing EnchantingTableBlockEntityRendererMixin from meteor-client.mixins.json into net.minecraft.client.render.block.entity.EnchantingTableBlockEntityRenderer
[18:49:21] [Render thread/DEBUG] (FabricLoader/Mixin) Mixing BeaconBlockEntityRendererMixin from meteor-client.mixins.json into net.minecraft.client.render.block.entity.BeaconBlockEntityRenderer
[18:49:21] [Render thread/DEBUG] (FabricLoader/Mixin) meteor-client.mixins.json:BeaconBlockEntityRendererMixin from mod meteor-client->@Inject::onRender(Lnet/minecraft/block/entity/BeaconBlockEntity;FLnet/minecraft/client/util/math/MatrixStack;Lnet/minecraft/client/render/VertexConsumerProvider;IILorg/spongepowered/asm/mixin/injection/callback/CallbackInfo;)V does use it's CallbackInfo
[18:49:21] [Render thread/DEBUG] (FabricLoader/Mixin) Mixing DefaultSkinHelperMixin from meteor-client.mixins.json into net.minecraft.client.util.DefaultSkinHelper
[18:49:21] [Render thread/DEBUG] (FabricLoader/Mixin) meteor-client.mixins.json:DefaultSkinHelperMixin from mod meteor-client->@Inject::onShouldUseSlimModel(Ljava/util/UUID;Lorg/spongepowered/asm/mixin/injection/callback/CallbackInfoReturnable;)V does use it's CallbackInfoReturnable
[18:49:21] [Render thread/DEBUG] (FabricLoader/Mixin) Mixing LivingEntityRendererMixin from meteor-client.mixins.json into net.minecraft.client.render.entity.LivingEntityRenderer
[18:49:21] [Render thread/DEBUG] (FabricLoader/Mixin) meteor-client.mixins.json:LivingEntityRendererMixin from mod meteor-client->@Inject::renderHead(Lnet/minecraft/entity/LivingEntity;FFLnet/minecraft/client/util/math/MatrixStack;Lnet/minecraft/client/render/VertexConsumerProvider;ILorg/spongepowered/asm/mixin/injection/callback/CallbackInfo;)V does use it's CallbackInfo
[18:49:21] [Render thread/DEBUG] (FabricLoader/Mixin) meteor-client.mixins.json:LivingEntityRendererMixin from mod meteor-client->@Inject::renderTail(Lnet/minecraft/entity/LivingEntity;FFLnet/minecraft/client/util/math/MatrixStack;Lnet/minecraft/client/render/VertexConsumerProvider;ILorg/spongepowered/asm/mixin/injection/callback/CallbackInfo;)V doesn't use it's CallbackInfo
[18:49:21] [Render thread/DEBUG] (FabricLoader/Mixin) meteor-client.mixins.json:LivingEntityRendererMixin from mod meteor-client->@Inject::renderTail(Lnet/minecraft/entity/LivingEntity;FFLnet/minecraft/client/util/math/MatrixStack;Lnet/minecraft/client/render/VertexConsumerProvider;ILorg/spongepowered/asm/mixin/injection/callback/CallbackInfo;)V has 0 override(s) in child classes
[18:49:21] [Render thread/DEBUG] (FabricLoader/Mixin) meteor-client.mixins.json:LivingEntityRendererMixin from mod meteor-client->@Inject::renderTail(Lnet/minecraft/entity/LivingEntity;FFLnet/minecraft/client/util/math/MatrixStack;Lnet/minecraft/client/render/VertexConsumerProvider;ILorg/spongepowered/asm/mixin/injection/callback/CallbackInfo;)V won't be passed a CallbackInfo as a result
[18:49:21] [Render thread/DEBUG] (FabricLoader/Mixin) ArgsClassGenerator assigning org.spongepowered.asm.synthetic.args.Args$9 for descriptor (Lnet/minecraft/client/util/math/MatrixStack;Lnet/minecraft/client/render/VertexConsumer;III)V
[18:49:21] [Render thread/DEBUG] (FabricLoader/Mixin) Mixing PlayerEntityRendererMixin from meteor-client.mixins.json into net.minecraft.client.render.entity.PlayerEntityRenderer
[18:49:21] [Render thread/DEBUG] (FabricLoader/Mixin) ArgsClassGenerator assigning org.spongepowered.asm.synthetic.args.Args$10 for descriptor (Lnet/minecraft/client/util/math/MatrixStack;Lnet/minecraft/client/render/VertexConsumer;II)V
[18:49:21] [Render thread/DEBUG] (FabricLoader/Mixin) Mixing ArmorFeatureRendererMixin from meteor-client.mixins.json into net.minecraft.client.render.entity.feature.ArmorFeatureRenderer
[18:49:21] [Render thread/DEBUG] (FabricLoader/Mixin) meteor-client.mixins.json:ArmorFeatureRendererMixin from mod meteor-client->@Inject::onRenderArmor(Lnet/minecraft/client/util/math/MatrixStack;Lnet/minecraft/client/render/VertexConsumerProvider;Lnet/minecraft/entity/LivingEntity;Lnet/minecraft/entity/EquipmentSlot;ILnet/minecraft/client/render/entity/model/BipedEntityModel;Lorg/spongepowered/asm/mixin/injection/callback/CallbackInfo;)V does use it's CallbackInfo
[18:49:21] [Render thread/DEBUG] (FabricLoader/Mixin) Mixing ElytraFeatureRendererMixin from meteor-client.mixins.json into net.minecraft.client.render.entity.feature.ElytraFeatureRenderer
[18:49:21] [Render thread/DEBUG] (FabricLoader/Mixin) Mixing ItemEntityRendererMixin from meteor-client.mixins.json into net.minecraft.client.render.entity.ItemEntityRenderer
[18:49:21] [Render thread/DEBUG] (FabricLoader/Mixin) meteor-client.mixins.json:ItemEntityRendererMixin from mod meteor-client->@Inject::render(Lnet/minecraft/entity/ItemEntity;FFLnet/minecraft/client/util/math/MatrixStack;Lnet/minecraft/client/render/VertexConsumerProvider;ILorg/spongepowered/asm/mixin/injection/callback/CallbackInfo;)V does use it's CallbackInfo
[18:49:21] [Render thread/DEBUG] (FabricLoader/Mixin) Mixing LightningEntityRendererMixin from meteor-client.mixins.json into net.minecraft.client.render.entity.LightningEntityRenderer
[18:49:21] [Render thread/DEBUG] (FabricLoader/Mixin) meteor-client.mixins.json:LightningEntityRendererMixin from mod meteor-client->@Inject::onSetLightningVertex(Lorg/joml/Matrix4f;Lnet/minecraft/client/render/VertexConsumer;FFIFFFFFFFZZZZLorg/spongepowered/asm/mixin/injection/callback/CallbackInfo;)V does use it's CallbackInfo
[18:49:21] [Render thread/DEBUG] (FabricLoader/Mixin) Mixing CapeFeatureRendererMixin from meteor-client.mixins.json into net.minecraft.client.render.entity.feature.CapeFeatureRenderer
[18:49:21] [Render thread/INFO] (net.minecraft.client.texture.SpriteAtlasTexture) Created: 512x256x0 minecraft:textures/atlas/particles.png-atlas
[18:49:21] [Render thread/INFO] (net.minecraft.client.texture.SpriteAtlasTexture) Created: 512x256x0 minecraft:textures/atlas/paintings.png-atlas
[18:49:21] [Render thread/INFO] (net.minecraft.client.texture.SpriteAtlasTexture) Created: 256x128x0 minecraft:textures/atlas/mob_effects.png-atlas
[18:49:21] [Render thread/INFO] (net.minecraft.client.texture.SpriteAtlasTexture) Created: 64x64x0 minecraft:textures/atlas/map_decorations.png-atlas
[18:49:21] [Render thread/INFO] (net.minecraft.client.texture.SpriteAtlasTexture) Created: 1024x512x0 minecraft:textures/atlas/gui.png-atlas
[18:49:21] [Render thread/WARN] (net.minecraft.client.gl.ShaderProgram) Shader rendertype_entity_translucent_emissive could not find sampler named Sampler2 in the specified shader program.
[18:49:23] [Render thread/DEBUG] (FabricLoader/Mixin) Mixing TextRendererMixin from meteor-client.mixins.json into net.minecraft.client.font.TextRenderer$Drawer
[18:49:23] [Render thread/INFO] (Meteor Client) Checking latest version of Meteor Client
[18:49:38] [Render thread/DEBUG] (FabricLoader/Mixin) Mixing ModulesScreenWCategoryControllerMixin from ametium-addon.mixins.json into meteordevelopment.meteorclient.gui.screens.ModulesScreen$WCategoryController
[18:49:38] [Render thread/DEBUG] (FabricLoader/Mixin) Renaming synthetic method lambda$ametium$runSearch$8(Ljava/util/Map$Entry;Ljava/util/Map$Entry;)I to md809e22$ametium-addon$lambda$ametium$runSearch$8$0 in ametium-addon.mixins.json:ModulesScreenWCategoryControllerMixin from mod ametium-addon
[18:49:38] [Render thread/DEBUG] (FabricLoader/Mixin) Renaming synthetic method lambda$init$7(Lmeteordevelopment/meteorclient/gui/widgets/input/WTextBox;Lmeteordevelopment/meteorclient/gui/GuiTheme;Lmeteordevelopment/meteorclient/gui/widgets/containers/WVerticalList;)V to md809e22$ametium-addon$lambda$init$7$1 in ametium-addon.mixins.json:ModulesScreenWCategoryControllerMixin from mod ametium-addon
[18:49:38] [Render thread/DEBUG] (FabricLoader/Mixin) Renaming synthetic method lambda$init$6(Lmeteordevelopment/meteorclient/gui/GuiTheme;Lmeteordevelopment/meteorclient/gui/widgets/containers/WVerticalList;Ljava/lang/String;)V to md809e22$ametium-addon$lambda$init$6$2 in ametium-addon.mixins.json:ModulesScreenWCategoryControllerMixin from mod ametium-addon
[18:49:38] [Render thread/DEBUG] (FabricLoader/Mixin) Renaming synthetic method lambda$init$5(Lmeteordevelopment/meteorclient/gui/GuiTheme;Lmeteordevelopment/meteorclient/gui/widgets/containers/WVerticalList;Ljava/lang/String;)V to md809e22$ametium-addon$lambda$init$5$3 in ametium-addon.mixins.json:ModulesScreenWCategoryControllerMixin from mod ametium-addon
[18:49:38] [Render thread/DEBUG] (FabricLoader/Mixin) Renaming synthetic method lambda$init$4(Lmeteordevelopment/meteorclient/gui/widgets/input/WTextBox;Lmeteordevelopment/meteorclient/gui/GuiTheme;Lmeteordevelopment/meteorclient/gui/widgets/containers/WVerticalList;)V to md809e22$ametium-addon$lambda$init$4$4 in ametium-addon.mixins.json:ModulesScreenWCategoryControllerMixin from mod ametium-addon
[18:49:38] [Render thread/DEBUG] (FabricLoader/Mixin) Renaming synthetic method lambda$init$3(Lmeteordevelopment/meteorclient/gui/GuiTheme;Lmeteordevelopment/meteorclient/gui/widgets/containers/WContainer;)V to md809e22$ametium-addon$lambda$init$3$5 in ametium-addon.mixins.json:ModulesScreenWCategoryControllerMixin from mod ametium-addon
[18:49:38] [Render thread/DEBUG] (FabricLoader/Mixin) Renaming synthetic method lambda$init$2(Ljava/lang/String;)Ljava/util/List; to md809e22$ametium-addon$lambda$init$2$6 in ametium-addon.mixins.json:ModulesScreenWCategoryControllerMixin from mod ametium-addon
[18:49:38] [Render thread/DEBUG] (FabricLoader/Mixin) Renaming synthetic method lambda$init$1(Ljava/lang/String;)Ljava/util/Map; to md809e22$ametium-addon$lambda$init$1$7 in ametium-addon.mixins.json:ModulesScreenWCategoryControllerMixin from mod ametium-addon
[18:49:38] [Render thread/DEBUG] (FabricLoader/Mixin) Renaming synthetic method lambda$static$0(Ljava/lang/Runnable;)Ljava/lang/Thread; to md809e22$ametium-addon$lambda$static$0$8 in ametium-addon.mixins.json:ModulesScreenWCategoryControllerMixin from mod ametium-addon
[18:49:42] [Render thread/INFO] (net.minecraft.client.MinecraftClient) Stopping!
[18:49:42] [Thread-7/INFO] (Meteor Client) Saving
